repo,ref_sha,commit_set,commit_count,object_type,path,author,added,removed,growth,churn,modifications,modification_frequency,churn_rate,ownership
cJSON,6d9f2443ab071f86e5d9b43025a40929ec41c46c,all,955,repository,/,ALL,46377,11211,35166,57588,953,0.9979057591623037,60.30157068062828,
cJSON,6d9f2443ab071f86e5d9b43025a40929ec41c46c,all,955,repository,/,Max Bruckner <max@maxbruckner.de>,39192,9000,30192,48192,634,,,0.8368410085434466
cJSON,6d9f2443ab071f86e5d9b43025a40929ec41c46c,all,955,repository,/,Dave Gamble <davegamble@gmail.com>,2835,760,2075,3595,84,,,0.062426199902757516
cJSON,6d9f2443ab071f86e5d9b43025a40929ec41c46c,all,955,repository,/,Kevin Branigan <kbranigan@gmail.com>,1193,153,1040,1346,6,,,0.02337292491491283
cJSON,6d9f2443ab071f86e5d9b43025a40929ec41c46c,all,955,repository,/,Alanscut <wp_scut@163.com>,739,380,359,1119,52,,,0.019431131485726193
cJSON,6d9f2443ab071f86e5d9b43025a40929ec41c46c,all,955,repository,/,Kyle Chisholm <dev@kylechisholm.ca>,166,81,85,247,7,,,0.00428908800444537
cJSON,6d9f2443ab071f86e5d9b43025a40929ec41c46c,all,955,repository,/,Mike Jerris <mike@jerris.com>,141,103,38,244,2,,,0.00423699381815656
cJSON,6d9f2443ab071f86e5d9b43025a40929ec41c46c,all,955,repository,/,Randy <randy408@protonmail.com>,193,30,163,223,8,,,0.003872334514134889
cJSON,6d9f2443ab071f86e5d9b43025a40929ec41c46c,all,955,repository,/,Alan Wang <wp_scut@163.com>,159,48,111,207,9,,,0.0035944988539279017
cJSON,6d9f2443ab071f86e5d9b43025a40929ec41c46c,all,955,repository,/,Zach Hindes <zach@dowhatnow.net>,100,74,26,174,4,,,0.0030214628047509897
cJSON,6d9f2443ab071f86e5d9b43025a40929ec41c46c,all,955,repository,/,simon-p-r <simon.ricaldone@circabs.com>,101,14,87,115,5,,,0.0019969438077377232
cJSON,6d9f2443ab071f86e5d9b43025a40929ec41c46c,all,955,repository,/,Nicolas Badoux <n.badoux@hotmail.com>,91,11,80,102,8,,,0.0017712023338195457
cJSON,6d9f2443ab071f86e5d9b43025a40929ec41c46c,all,955,repository,/,Stoian Ivanov <st.iv.sdr@gmail.com>,85,17,68,102,1,,,0.0017712023338195457
cJSON,6d9f2443ab071f86e5d9b43025a40929ec41c46c,all,955,repository,/,caglarivriz <caglarivriz@gmail.com>,96,4,92,100,1,,,0.0017364728762936724
cJSON,6d9f2443ab071f86e5d9b43025a40929ec41c46c,all,955,repository,/,yangfl <yangfl@users.noreply.github.com>,47,47,0,94,2,,,0.0016322845037160518
cJSON,6d9f2443ab071f86e5d9b43025a40929ec41c46c,all,955,repository,/,Debora Grosse <dygrosse@gmail.com>,21,64,-43,85,2,,,0.0014760019448496215
cJSON,6d9f2443ab071f86e5d9b43025a40929ec41c46c,all,955,repository,/,PeterAlfredLee <peteralfredlee@gmail.com>,70,6,64,76,2,,,0.001319719385983191
cJSON,6d9f2443ab071f86e5d9b43025a40929ec41c46c,all,955,repository,/,Rafael Leal Dias <rafaeldias.c@gmail.com>,66,8,58,74,1,,,0.0012849899284573176
cJSON,6d9f2443ab071f86e5d9b43025a40929ec41c46c,all,955,repository,/,mongobaba <66656234+mongobaba@users.noreply.github.com>,70,4,66,74,1,,,0.0012849899284573176
cJSON,6d9f2443ab071f86e5d9b43025a40929ec41c46c,all,955,repository,/,Anton Sergeev <Anton.Sergeev@elecard.ru>,52,10,42,62,2,,,0.0010766131833020768
cJSON,6d9f2443ab071f86e5d9b43025a40929ec41c46c,all,955,repository,/,Alan Wang <948467222@qq.com>,26,34,-8,60,4,,,0.0010418837257762034
cJSON,6d9f2443ab071f86e5d9b43025a40929ec41c46c,all,955,repository,/,Stephan Gatzka <stephan.gatzka@gmail.com>,30,28,2,58,9,,,0.0010071542682503298
cJSON,6d9f2443ab071f86e5d9b43025a40929ec41c46c,all,955,repository,/,randy408 <randy408@protonmail.com>,35,22,13,57,2,,,0.0009897895394873932
cJSON,6d9f2443ab071f86e5d9b43025a40929ec41c46c,all,955,repository,/,Ian Mobley <ian@gilderfluke.com>,28,28,0,56,3,,,0.0009724248107244565
cJSON,6d9f2443ab071f86e5d9b43025a40929ec41c46c,all,955,repository,/,rmallins <rmallins@rmallins-AO1-131>,40,12,28,52,2,,,0.0009029658956727095
cJSON,6d9f2443ab071f86e5d9b43025a40929ec41c46c,all,955,repository,/,Markus Blatt <markus@dr-blatt.de>,46,1,45,47,1,,,0.0008161422518580259
cJSON,6d9f2443ab071f86e5d9b43025a40929ec41c46c,all,955,repository,/,Alanscut <948467222@qq.com>,18,25,-7,43,1,,,0.0007466833368062791
cJSON,6d9f2443ab071f86e5d9b43025a40929ec41c46c,all,955,repository,/,singku <tangliang551@gmail.com>,25,18,7,43,1,,,0.0007466833368062791
cJSON,6d9f2443ab071f86e5d9b43025a40929ec41c46c,all,955,repository,/,lilu5458 <lilu@kylinos.cn>,40,2,38,42,1,,,0.0007293186080433424
cJSON,6d9f2443ab071f86e5d9b43025a40929ec41c46c,all,955,repository,/,Christian Schulze <christian.schulze@mni.thm.de>,37,2,35,39,1,,,0.0006772244217545322
cJSON,6d9f2443ab071f86e5d9b43025a40929ec41c46c,all,955,repository,/,xiaomianhehe <hongshaokai@hotmail.com>,29,10,19,39,1,,,0.0006772244217545322
cJSON,6d9f2443ab071f86e5d9b43025a40929ec41c46c,all,955,repository,/,Eswar Yaganti <naga.malleswara.rao.yaganti@intel.com>,21,17,4,38,3,,,0.0006598596929915955
cJSON,6d9f2443ab071f86e5d9b43025a40929ec41c46c,all,955,repository,/,Sang-Heon Jeon <ekffu200098@gmail.com>,32,5,27,37,2,,,0.0006424949642286588
cJSON,6d9f2443ab071f86e5d9b43025a40929ec41c46c,all,955,repository,/,orri <orri@systemb.is>,33,3,30,36,3,,,0.000625130235465722
cJSON,6d9f2443ab071f86e5d9b43025a40929ec41c46c,all,955,repository,/,Lee <peterlee@apache.org>,33,2,31,35,1,,,0.0006077655067027853
cJSON,6d9f2443ab071f86e5d9b43025a40929ec41c46c,all,955,repository,/,Jiri Zouhar <jzouhar@koukaam.se>,32,1,31,33,1,,,0.0005730360491769119
cJSON,6d9f2443ab071f86e5d9b43025a40929ec41c46c,all,955,repository,/,Paweł Malowany <pma@omni3d.net>,26,6,20,32,1,,,0.0005556713204139752
cJSON,6d9f2443ab071f86e5d9b43025a40929ec41c46c,all,955,repository,/,Irwan Djajadi <irwan.djajadi@ni.com>,16,15,1,31,1,,,0.0005383065916510384
cJSON,6d9f2443ab071f86e5d9b43025a40929ec41c46c,all,955,repository,/,Pawel Winogrodzki <pawelwi@microsoft.com>,17,8,9,25,3,,,0.0004341182190734181
cJSON,6d9f2443ab071f86e5d9b43025a40929ec41c46c,all,955,repository,/,Andy <mlh0101@126.com>,14,8,6,22,1,,,0.0003820240327846079
cJSON,6d9f2443ab071f86e5d9b43025a40929ec41c46c,all,955,repository,/,miaoerduo <zhaoyu3210@foxmail.com>,22,0,22,22,3,,,0.0003820240327846079
cJSON,6d9f2443ab071f86e5d9b43025a40929ec41c46c,all,955,repository,/,Fabrice Fontaine <fabrice.fontaine@orange.com>,4,17,-13,21,1,,,0.0003646593040216712
cJSON,6d9f2443ab071f86e5d9b43025a40929ec41c46c,all,955,repository,/,Lee <peteralfredlee@gmail.com>,13,7,6,20,5,,,0.00034729457525873447
cJSON,6d9f2443ab071f86e5d9b43025a40929ec41c46c,all,955,repository,/,Junbo Zheng <3273070@qq.com>,12,7,5,19,1,,,0.00032992984649579774
cJSON,6d9f2443ab071f86e5d9b43025a40929ec41c46c,all,955,repository,/,NancyLi1013 <lirui09@beyondsoft.com>,16,3,13,19,2,,,0.00032992984649579774
cJSON,6d9f2443ab071f86e5d9b43025a40929ec41c46c,all,955,repository,/,MaxBrandtner <maximilian.immanuel.brandtner@protonmail.com>,18,0,18,18,1,,,0.000312565117732861
cJSON,6d9f2443ab071f86e5d9b43025a40929ec41c46c,all,955,repository,/,Weston Schmidt <Weston_Schmidt@cable.comcast.com>,12,6,6,18,2,,,0.000312565117732861
cJSON,6d9f2443ab071f86e5d9b43025a40929ec41c46c,all,955,repository,/,Paulo Antonio Alvarez <pauloaalvarez@gmail.com>,17,0,17,17,1,,,0.00029520038896992427
cJSON,6d9f2443ab071f86e5d9b43025a40929ec41c46c,all,955,repository,/,myd7349 <myd7349@gmail.com>,14,2,12,16,1,,,0.0002778356602069876
cJSON,6d9f2443ab071f86e5d9b43025a40929ec41c46c,all,955,repository,/,Bob Kocisko <rkocisko@gmail.com>,14,1,13,15,1,,,0.00026047093144405085
cJSON,6d9f2443ab071f86e5d9b43025a40929ec41c46c,all,955,repository,/,Erez Oxman <erez.oxman@gmail.com>,14,0,14,14,1,,,0.00024310620268111412
cJSON,6d9f2443ab071f86e5d9b43025a40929ec41c46c,all,955,repository,/,Shaun Case <shaunc@aja.com>,7,7,0,14,1,,,0.00024310620268111412
cJSON,6d9f2443ab071f86e5d9b43025a40929ec41c46c,all,955,repository,/,rolegic <8974088+rolegic@users.noreply.github.com>,7,7,0,14,1,,,0.00024310620268111412
cJSON,6d9f2443ab071f86e5d9b43025a40929ec41c46c,all,955,repository,/,Roland Meertens <rolandmeertens@gmail.com>,12,1,11,13,1,,,0.00022574147391817739
cJSON,6d9f2443ab071f86e5d9b43025a40929ec41c46c,all,955,repository,/,casperinous <nikostotosis@gmail.com>,12,1,11,13,2,,,0.00022574147391817739
cJSON,6d9f2443ab071f86e5d9b43025a40929ec41c46c,all,955,repository,/,10km <10km0811@sohu.com>,10,2,8,12,1,,,0.00020837674515524068
cJSON,6d9f2443ab071f86e5d9b43025a40929ec41c46c,all,955,repository,/,Joshua Arulsamy <joshua.gf.arul@gmail.com>,5,7,-2,12,1,,,0.00020837674515524068
cJSON,6d9f2443ab071f86e5d9b43025a40929ec41c46c,all,955,repository,/,julianvasquez <julian.vasquez@netuxtecnologia.com>,11,1,10,12,1,,,0.00020837674515524068
cJSON,6d9f2443ab071f86e5d9b43025a40929ec41c46c,all,955,repository,/,Linus Wallgren <linus.wallgren@scypho.com>,7,3,4,10,1,,,0.00017364728762936724
cJSON,6d9f2443ab071f86e5d9b43025a40929ec41c46c,all,955,repository,/,Romain Lesteven <romain.lesteven@armaturetech.com>,6,4,2,10,1,,,0.00017364728762936724
cJSON,6d9f2443ab071f86e5d9b43025a40929ec41c46c,all,955,repository,/,Stephan <stephan.gatzka@gmail.com>,7,3,4,10,3,,,0.00017364728762936724
cJSON,6d9f2443ab071f86e5d9b43025a40929ec41c46c,all,955,repository,/,crhackos <crhackos@gmail.com>,5,5,0,10,1,,,0.00017364728762936724
cJSON,6d9f2443ab071f86e5d9b43025a40929ec41c46c,all,955,repository,/,liloler <1258447103@qq.com>,10,0,10,10,1,,,0.00017364728762936724
cJSON,6d9f2443ab071f86e5d9b43025a40929ec41c46c,all,955,repository,/,Ajay Bhargav <ajay.bhargav@einfochips.com>,7,1,6,8,1,,,0.0001389178301034938
cJSON,6d9f2443ab071f86e5d9b43025a40929ec41c46c,all,955,repository,/,Benbuck Nason <bnason@netflix.com>,4,4,0,8,1,,,0.0001389178301034938
cJSON,6d9f2443ab071f86e5d9b43025a40929ec41c46c,all,955,repository,/,DL6ER <dl6er@dl6er.de>,4,4,0,8,1,,,0.0001389178301034938
cJSON,6d9f2443ab071f86e5d9b43025a40929ec41c46c,all,955,repository,/,Evan Todd <et1337@gmail.com>,6,2,4,8,1,,,0.0001389178301034938
cJSON,6d9f2443ab071f86e5d9b43025a40929ec41c46c,all,955,repository,/,Mike Robinson <mikerob@cisco.com>,4,4,0,8,1,,,0.0001389178301034938
cJSON,6d9f2443ab071f86e5d9b43025a40929ec41c46c,all,955,repository,/,Square789 <46634729+Square789@users.noreply.github.com>,4,4,0,8,1,,,0.0001389178301034938
cJSON,6d9f2443ab071f86e5d9b43025a40929ec41c46c,all,955,repository,/,h00283522 <hukeping@huawei.com>,7,1,6,8,1,,,0.0001389178301034938
cJSON,6d9f2443ab071f86e5d9b43025a40929ec41c46c,all,955,repository,/,maebex <maximilian.berndt11@web.de>,8,0,8,8,1,,,0.0001389178301034938
cJSON,6d9f2443ab071f86e5d9b43025a40929ec41c46c,all,955,repository,/,dm8.kim <dm8.kim@hanwha.com>,4,3,1,7,1,,,0.00012155310134055706
cJSON,6d9f2443ab071f86e5d9b43025a40929ec41c46c,all,955,repository,/,raiden00pl <raiden00pl@gmail.com>,7,0,7,7,1,,,0.00012155310134055706
cJSON,6d9f2443ab071f86e5d9b43025a40929ec41c46c,all,955,repository,/,Jordan IMBERT <ecrin4102@protonmail.com>,2,4,-2,6,1,,,0.00010418837257762034
cJSON,6d9f2443ab071f86e5d9b43025a40929ec41c46c,all,955,repository,/,Sanjeev BA <iamsanjeev@gmail.com>,3,3,0,6,1,,,0.00010418837257762034
cJSON,6d9f2443ab071f86e5d9b43025a40929ec41c46c,all,955,repository,/,Sayan Bandyopadhyay <sabandyopadh@cs.stonybrook.edu>,5,1,4,6,1,,,0.00010418837257762034
cJSON,6d9f2443ab071f86e5d9b43025a40929ec41c46c,all,955,repository,/,Simon Sobisch <simonsobisch@web.de>,4,1,3,5,1,,,0.00008682364381468362
cJSON,6d9f2443ab071f86e5d9b43025a40929ec41c46c,all,955,repository,/,Alan_scut <wp_scut@163.com>,3,1,2,4,1,,,0.0000694589150517469
cJSON,6d9f2443ab071f86e5d9b43025a40929ec41c46c,all,955,repository,/,AlexanderVasiljev <48011002+AlexanderVasiljev@users.noreply.github.com>,4,0,4,4,1,,,0.0000694589150517469
cJSON,6d9f2443ab071f86e5d9b43025a40929ec41c46c,all,955,repository,/,Bernt Johan Damslora <bernt.johan.damslora@nordicsemi.no>,2,2,0,4,1,,,0.0000694589150517469
cJSON,6d9f2443ab071f86e5d9b43025a40929ec41c46c,all,955,repository,/,Dimitri Papadopoulos Orfanos <3234522+DimitriPapadopoulos@users.noreply.github.com>,2,2,0,4,1,,,0.0000694589150517469
cJSON,6d9f2443ab071f86e5d9b43025a40929ec41c46c,all,955,repository,/,DongwenHuang <huangdongwen789@gmail.com>,2,2,0,4,2,,,0.0000694589150517469
cJSON,6d9f2443ab071f86e5d9b43025a40929ec41c46c,all,955,repository,/,Donough Liu <ldm2993593805@163.com>,2,2,0,4,1,,,0.0000694589150517469
cJSON,6d9f2443ab071f86e5d9b43025a40929ec41c46c,all,955,repository,/,Fabrice Fontaine <fontaine.fabrice@gmail.com>,2,2,0,4,1,,,0.0000694589150517469
cJSON,6d9f2443ab071f86e5d9b43025a40929ec41c46c,all,955,repository,/,IvanVoid <npizzpak@gmail.com>,2,2,0,4,1,,,0.0000694589150517469
cJSON,6d9f2443ab071f86e5d9b43025a40929ec41c46c,all,955,repository,/,Jakub Wilk <jwilk@jwilk.net>,2,2,0,4,1,,,0.0000694589150517469
cJSON,6d9f2443ab071f86e5d9b43025a40929ec41c46c,all,955,repository,/,Julian Ste <31321934+julian-st@users.noreply.github.com>,2,2,0,4,1,,,0.0000694589150517469
cJSON,6d9f2443ab071f86e5d9b43025a40929ec41c46c,all,955,repository,/,Moorthy <36617743+moorthy-bs@users.noreply.github.com>,2,2,0,4,1,,,0.0000694589150517469
cJSON,6d9f2443ab071f86e5d9b43025a40929ec41c46c,all,955,repository,/,Rod Vagg <rod@vagg.org>,4,0,4,4,1,,,0.0000694589150517469
cJSON,6d9f2443ab071f86e5d9b43025a40929ec41c46c,all,955,repository,/,Romain Porte <microjoe@microjoe.org>,2,2,0,4,1,,,0.0000694589150517469
cJSON,6d9f2443ab071f86e5d9b43025a40929ec41c46c,all,955,repository,/,Use <fpnuseis@naver.com>,4,0,4,4,1,,,0.0000694589150517469
cJSON,6d9f2443ab071f86e5d9b43025a40929ec41c46c,all,955,repository,/,CoffeeTableEspresso <thiabaud.engelbrecht@gmail.com>,3,0,3,3,1,,,0.00005209418628881017
cJSON,6d9f2443ab071f86e5d9b43025a40929ec41c46c,all,955,repository,/,Winterreise <tanwei0404@163.com>,3,0,3,3,1,,,0.00005209418628881017
cJSON,6d9f2443ab071f86e5d9b43025a40929ec41c46c,all,955,repository,/,root <root@zzsec.org>,3,0,3,3,1,,,0.00005209418628881017
cJSON,6d9f2443ab071f86e5d9b43025a40929ec41c46c,all,955,repository,/,Alper Akcan <alper.akcan@gmail.com>,1,1,0,2,1,,,0.00003472945752587345
cJSON,6d9f2443ab071f86e5d9b43025a40929ec41c46c,all,955,repository,/,ChenYuan <github@qiushi.ac.cn>,1,1,0,2,1,,,0.00003472945752587345
cJSON,6d9f2443ab071f86e5d9b43025a40929ec41c46c,all,955,repository,/,Jonathan Fether <jfether@users.noreply.github.com>,1,1,0,2,1,,,0.00003472945752587345
cJSON,6d9f2443ab071f86e5d9b43025a40929ec41c46c,all,955,repository,/,Kevin Sapper <mail@kevinsapper.de>,1,1,0,2,1,,,0.00003472945752587345
cJSON,6d9f2443ab071f86e5d9b43025a40929ec41c46c,all,955,repository,/,Ssh1y Ripple <62094604+Ssh1y@users.noreply.github.com>,1,1,0,2,1,,,0.00003472945752587345
cJSON,6d9f2443ab071f86e5d9b43025a40929ec41c46c,all,955,repository,/,Tim Gates <tim.gates@iress.com>,1,1,0,2,1,,,0.00003472945752587345
cJSON,6d9f2443ab071f86e5d9b43025a40929ec41c46c,all,955,repository,/,Tony Langhammer <tony.langhammer@yahoo.de>,1,1,0,2,1,,,0.00003472945752587345
cJSON,6d9f2443ab071f86e5d9b43025a40929ec41c46c,all,955,repository,/,Up-wind <lj.upwind@gmail.com>,1,1,0,2,1,,,0.00003472945752587345
cJSON,6d9f2443ab071f86e5d9b43025a40929ec41c46c,all,955,repository,/,Vemake <vemakereporter@gmail.com>,1,1,0,2,1,,,0.00003472945752587345
cJSON,6d9f2443ab071f86e5d9b43025a40929ec41c46c,all,955,repository,/,Zhao Zhixu <zzx.2013@qq.com>,1,1,0,2,1,,,0.00003472945752587345
cJSON,6d9f2443ab071f86e5d9b43025a40929ec41c46c,all,955,repository,/,hopper-vul <118949689+hopper-vul@users.noreply.github.com>,1,1,0,2,1,,,0.00003472945752587345
cJSON,6d9f2443ab071f86e5d9b43025a40929ec41c46c,all,955,repository,/,mohawk2 <mohawk2@users.noreply.github.com>,1,1,0,2,1,,,0.00003472945752587345
cJSON,6d9f2443ab071f86e5d9b43025a40929ec41c46c,all,955,repository,/,yuta-oxo <13583684+yuta-oxo@users.noreply.github.com>,1,1,0,2,1,,,0.00003472945752587345
cJSON,6d9f2443ab071f86e5d9b43025a40929ec41c46c,all,955,repository,/,SuperHuan <jimsong2010@163.com>,1,0,1,1,1,,,0.000017364728762936724
cJSON,6d9f2443ab071f86e5d9b43025a40929ec41c46c,all,955,directory,.github,ALL,182,3,179,185,6,0.006282722513089006,0.193717277486911,
cJSON,6d9f2443ab071f86e5d9b43025a40929ec41c46c,all,955,directory,.github,Alanscut <wp_scut@163.com>,102,0,102,102,1,,,0.5513513513513514
cJSON,6d9f2443ab071f86e5d9b43025a40929ec41c46c,all,955,directory,.github,Max Bruckner <max@maxbruckner.de>,55,1,54,56,2,,,0.3027027027027027
cJSON,6d9f2443ab071f86e5d9b43025a40929ec41c46c,all,955,directory,.github,Randy <randy408@protonmail.com>,23,0,23,23,1,,,0.12432432432432433
cJSON,6d9f2443ab071f86e5d9b43025a40929ec41c46c,all,955,directory,.github,Alan Wang <wp_scut@163.com>,1,1,0,2,1,,,0.010810810810810811
cJSON,6d9f2443ab071f86e5d9b43025a40929ec41c46c,all,955,directory,.github,PeterAlfredLee <peteralfredlee@gmail.com>,1,1,0,2,1,,,0.010810810810810811
cJSON,6d9f2443ab071f86e5d9b43025a40929ec41c46c,all,955,directory,.github/workflows,ALL,127,2,125,129,4,0.004188481675392671,0.13507853403141362,
cJSON,6d9f2443ab071f86e5d9b43025a40929ec41c46c,all,955,directory,.github/workflows,Alanscut <wp_scut@163.com>,102,0,102,102,1,,,0.7906976744186046
cJSON,6d9f2443ab071f86e5d9b43025a40929ec41c46c,all,955,directory,.github/workflows,Randy <randy408@protonmail.com>,23,0,23,23,1,,,0.17829457364341086
cJSON,6d9f2443ab071f86e5d9b43025a40929ec41c46c,all,955,directory,.github/workflows,Alan Wang <wp_scut@163.com>,1,1,0,2,1,,,0.015503875968992248
cJSON,6d9f2443ab071f86e5d9b43025a40929ec41c46c,all,955,directory,.github/workflows,PeterAlfredLee <peteralfredlee@gmail.com>,1,1,0,2,1,,,0.015503875968992248
cJSON,6d9f2443ab071f86e5d9b43025a40929ec41c46c,all,955,directory,auto,ALL,2765,886,1879,3651,5,0.005235602094240838,3.82303664921466,
cJSON,6d9f2443ab071f86e5d9b43025a40929ec41c46c,all,955,directory,auto,Max Bruckner <max@maxbruckner.de>,2765,886,1879,3651,5,,,1.0
cJSON,6d9f2443ab071f86e5d9b43025a40929ec41c46c,all,955,directory,docs,ALL,1924,46,1878,1970,4,0.004188481675392671,2.0628272251308903,
cJSON,6d9f2443ab071f86e5d9b43025a40929ec41c46c,all,955,directory,docs,Max Bruckner <max@maxbruckner.de>,1924,46,1878,1970,4,,,1.0
cJSON,6d9f2443ab071f86e5d9b43025a40929ec41c46c,all,955,directory,examples,ALL,1429,121,1308,1550,3,0.003141361256544503,1.62303664921466,
cJSON,6d9f2443ab071f86e5d9b43025a40929ec41c46c,all,955,directory,examples,Max Bruckner <max@maxbruckner.de>,1429,121,1308,1550,3,,,1.0
cJSON,6d9f2443ab071f86e5d9b43025a40929ec41c46c,all,955,directory,examples/example_1,ALL,319,0,319,319,1,0.0010471204188481676,0.3340314136125655,
cJSON,6d9f2443ab071f86e5d9b43025a40929ec41c46c,all,955,directory,examples/example_1,Max Bruckner <max@maxbruckner.de>,319,0,319,319,1,,,1.0
cJSON,6d9f2443ab071f86e5d9b43025a40929ec41c46c,all,955,directory,examples/example_1/src,ALL,40,0,40,40,1,0.0010471204188481676,0.041884816753926704,
cJSON,6d9f2443ab071f86e5d9b43025a40929ec41c46c,all,955,directory,examples/example_1/src,Max Bruckner <max@maxbruckner.de>,40,0,40,40,1,,,1.0
cJSON,6d9f2443ab071f86e5d9b43025a40929ec41c46c,all,955,directory,examples/example_1/test,ALL,203,0,203,203,1,0.0010471204188481676,0.21256544502617802,
cJSON,6d9f2443ab071f86e5d9b43025a40929ec41c46c,all,955,directory,examples/example_1/test,Max Bruckner <max@maxbruckner.de>,203,0,203,203,1,,,1.0
cJSON,6d9f2443ab071f86e5d9b43025a40929ec41c46c,all,955,directory,examples/example_1/test/test_runners,ALL,110,0,110,110,1,0.0010471204188481676,0.11518324607329844,
cJSON,6d9f2443ab071f86e5d9b43025a40929ec41c46c,all,955,directory,examples/example_1/test/test_runners,Max Bruckner <max@maxbruckner.de>,110,0,110,110,1,,,1.0
cJSON,6d9f2443ab071f86e5d9b43025a40929ec41c46c,all,955,directory,examples/example_2,ALL,244,0,244,244,1,0.0010471204188481676,0.2554973821989529,
cJSON,6d9f2443ab071f86e5d9b43025a40929ec41c46c,all,955,directory,examples/example_2,Max Bruckner <max@maxbruckner.de>,244,0,244,244,1,,,1.0
cJSON,6d9f2443ab071f86e5d9b43025a40929ec41c46c,all,955,directory,examples/example_2/src,ALL,40,0,40,40,1,0.0010471204188481676,0.041884816753926704,
cJSON,6d9f2443ab071f86e5d9b43025a40929ec41c46c,all,955,directory,examples/example_2/src,Max Bruckner <max@maxbruckner.de>,40,0,40,40,1,,,1.0
cJSON,6d9f2443ab071f86e5d9b43025a40929ec41c46c,all,955,directory,examples/example_2/test,ALL,129,0,129,129,1,0.0010471204188481676,0.13507853403141362,
cJSON,6d9f2443ab071f86e5d9b43025a40929ec41c46c,all,955,directory,examples/example_2/test,Max Bruckner <max@maxbruckner.de>,129,0,129,129,1,,,1.0
cJSON,6d9f2443ab071f86e5d9b43025a40929ec41c46c,all,955,directory,examples/example_2/test/test_runners,ALL,32,0,32,32,1,0.0010471204188481676,0.033507853403141365,
cJSON,6d9f2443ab071f86e5d9b43025a40929ec41c46c,all,955,directory,examples/example_2/test/test_runners,Max Bruckner <max@maxbruckner.de>,32,0,32,32,1,,,1.0
cJSON,6d9f2443ab071f86e5d9b43025a40929ec41c46c,all,955,directory,examples/example_3,ALL,623,117,506,740,2,0.0020942408376963353,0.774869109947644,
cJSON,6d9f2443ab071f86e5d9b43025a40929ec41c46c,all,955,directory,examples/example_3,Max Bruckner <max@maxbruckner.de>,623,117,506,740,2,,,1.0
cJSON,6d9f2443ab071f86e5d9b43025a40929ec41c46c,all,955,directory,examples/example_3/helper,ALL,22,0,22,22,1,0.0010471204188481676,0.02303664921465969,
cJSON,6d9f2443ab071f86e5d9b43025a40929ec41c46c,all,955,directory,examples/example_3/helper,Max Bruckner <max@maxbruckner.de>,22,0,22,22,1,,,1.0
cJSON,6d9f2443ab071f86e5d9b43025a40929ec41c46c,all,955,directory,examples/example_3/src,ALL,40,0,40,40,1,0.0010471204188481676,0.041884816753926704,
cJSON,6d9f2443ab071f86e5d9b43025a40929ec41c46c,all,955,directory,examples/example_3/src,Max Bruckner <max@maxbruckner.de>,40,0,40,40,1,,,1.0
cJSON,6d9f2443ab071f86e5d9b43025a40929ec41c46c,all,955,directory,examples/example_3/test,ALL,93,0,93,93,1,0.0010471204188481676,0.0973821989528796,
cJSON,6d9f2443ab071f86e5d9b43025a40929ec41c46c,all,955,directory,examples/example_3/test,Max Bruckner <max@maxbruckner.de>,93,0,93,93,1,,,1.0
cJSON,6d9f2443ab071f86e5d9b43025a40929ec41c46c,all,955,directory,extras,ALL,1785,101,1684,1886,3,0.003141361256544503,1.974869109947644,
cJSON,6d9f2443ab071f86e5d9b43025a40929ec41c46c,all,955,directory,extras,Max Bruckner <max@maxbruckner.de>,1785,101,1684,1886,3,,,1.0
cJSON,6d9f2443ab071f86e5d9b43025a40929ec41c46c,all,955,directory,extras/eclipse,ALL,26,0,26,26,1,0.0010471204188481676,0.02722513089005236,
cJSON,6d9f2443ab071f86e5d9b43025a40929ec41c46c,all,955,directory,extras/eclipse,Max Bruckner <max@maxbruckner.de>,26,0,26,26,1,,,1.0
cJSON,6d9f2443ab071f86e5d9b43025a40929ec41c46c,all,955,directory,extras/fixture,ALL,1759,101,1658,1860,3,0.003141361256544503,1.947643979057592,
cJSON,6d9f2443ab071f86e5d9b43025a40929ec41c46c,all,955,directory,extras/fixture,Max Bruckner <max@maxbruckner.de>,1759,101,1658,1860,3,,,1.0
cJSON,6d9f2443ab071f86e5d9b43025a40929ec41c46c,all,955,directory,extras/fixture/src,ALL,613,0,613,613,2,0.0020942408376963353,0.6418848167539267,
cJSON,6d9f2443ab071f86e5d9b43025a40929ec41c46c,all,955,directory,extras/fixture/src,Max Bruckner <max@maxbruckner.de>,613,0,613,613,2,,,1.0
cJSON,6d9f2443ab071f86e5d9b43025a40929ec41c46c,all,955,directory,extras/fixture/test,ALL,810,0,810,810,2,0.0020942408376963353,0.8481675392670158,
cJSON,6d9f2443ab071f86e5d9b43025a40929ec41c46c,all,955,directory,extras/fixture/test,Max Bruckner <max@maxbruckner.de>,810,0,810,810,2,,,1.0
cJSON,6d9f2443ab071f86e5d9b43025a40929ec41c46c,all,955,directory,extras/fixture/test/main,ALL,22,0,22,22,1,0.0010471204188481676,0.02303664921465969,
cJSON,6d9f2443ab071f86e5d9b43025a40929ec41c46c,all,955,directory,extras/fixture/test/main,Max Bruckner <max@maxbruckner.de>,22,0,22,22,1,,,1.0
cJSON,6d9f2443ab071f86e5d9b43025a40929ec41c46c,all,955,directory,fuzzing,ALL,836,98,738,934,20,0.020942408376963352,0.9780104712041886,
cJSON,6d9f2443ab071f86e5d9b43025a40929ec41c46c,all,955,directory,fuzzing,Max Bruckner <max@maxbruckner.de>,610,27,583,637,8,,,0.6820128479657388
cJSON,6d9f2443ab071f86e5d9b43025a40929ec41c46c,all,955,directory,fuzzing,Randy <randy408@protonmail.com>,170,30,140,200,7,,,0.21413276231263384
cJSON,6d9f2443ab071f86e5d9b43025a40929ec41c46c,all,955,directory,fuzzing,randy408 <randy408@protonmail.com>,35,22,13,57,2,,,0.061027837259100645
cJSON,6d9f2443ab071f86e5d9b43025a40929ec41c46c,all,955,directory,fuzzing,yangfl <yangfl@users.noreply.github.com>,15,15,0,30,1,,,0.032119914346895075
cJSON,6d9f2443ab071f86e5d9b43025a40929ec41c46c,all,955,directory,fuzzing,Alanscut <wp_scut@163.com>,4,2,2,6,1,,,0.006423982869379015
cJSON,6d9f2443ab071f86e5d9b43025a40929ec41c46c,all,955,directory,fuzzing,Jakub Wilk <jwilk@jwilk.net>,2,2,0,4,1,,,0.004282655246252677
cJSON,6d9f2443ab071f86e5d9b43025a40929ec41c46c,all,955,directory,fuzzing/inputs,ALL,346,29,317,375,3,0.003141361256544503,0.39267015706806285,
cJSON,6d9f2443ab071f86e5d9b43025a40929ec41c46c,all,955,directory,fuzzing/inputs,Max Bruckner <max@maxbruckner.de>,331,14,317,345,2,,,0.92
cJSON,6d9f2443ab071f86e5d9b43025a40929ec41c46c,all,955,directory,fuzzing/inputs,yangfl <yangfl@users.noreply.github.com>,15,15,0,30,1,,,0.08
cJSON,6d9f2443ab071f86e5d9b43025a40929ec41c46c,all,955,directory,library_config,ALL,39,14,25,53,5,0.005235602094240838,0.05549738219895289,
cJSON,6d9f2443ab071f86e5d9b43025a40929ec41c46c,all,955,directory,library_config,Alanscut <wp_scut@163.com>,27,0,27,27,1,,,0.5094339622641509
cJSON,6d9f2443ab071f86e5d9b43025a40929ec41c46c,all,955,directory,library_config,Max Bruckner <max@maxbruckner.de>,9,11,-2,20,2,,,0.37735849056603776
cJSON,6d9f2443ab071f86e5d9b43025a40929ec41c46c,all,955,directory,library_config,Moorthy <36617743+moorthy-bs@users.noreply.github.com>,2,2,0,4,1,,,0.07547169811320754
cJSON,6d9f2443ab071f86e5d9b43025a40929ec41c46c,all,955,directory,library_config,Lee <peteralfredlee@gmail.com>,1,1,0,2,1,,,0.03773584905660377
cJSON,6d9f2443ab071f86e5d9b43025a40929ec41c46c,all,955,directory,release,ALL,9,5,4,14,4,0.004188481675392671,0.014659685863874347,
cJSON,6d9f2443ab071f86e5d9b43025a40929ec41c46c,all,955,directory,release,Max Bruckner <max@maxbruckner.de>,9,5,4,14,4,,,1.0
cJSON,6d9f2443ab071f86e5d9b43025a40929ec41c46c,all,955,directory,src,ALL,3184,239,2945,3423,6,0.006282722513089006,3.584293193717278,
cJSON,6d9f2443ab071f86e5d9b43025a40929ec41c46c,all,955,directory,src,Max Bruckner <max@maxbruckner.de>,3184,239,2945,3423,6,,,1.0
cJSON,6d9f2443ab071f86e5d9b43025a40929ec41c46c,all,955,directory,test,ALL,10615,285,10330,10900,4,0.004188481675392671,11.413612565445028,
cJSON,6d9f2443ab071f86e5d9b43025a40929ec41c46c,all,955,directory,test,Max Bruckner <max@maxbruckner.de>,10615,285,10330,10900,4,,,1.0
cJSON,6d9f2443ab071f86e5d9b43025a40929ec41c46c,all,955,directory,test/expectdata,ALL,1358,0,1358,1358,1,0.0010471204188481676,1.4219895287958118,
cJSON,6d9f2443ab071f86e5d9b43025a40929ec41c46c,all,955,directory,test/expectdata,Max Bruckner <max@maxbruckner.de>,1358,0,1358,1358,1,,,1.0
cJSON,6d9f2443ab071f86e5d9b43025a40929ec41c46c,all,955,directory,test/spec,ALL,158,0,158,158,1,0.0010471204188481676,0.1654450261780105,
cJSON,6d9f2443ab071f86e5d9b43025a40929ec41c46c,all,955,directory,test/spec,Max Bruckner <max@maxbruckner.de>,158,0,158,158,1,,,1.0
cJSON,6d9f2443ab071f86e5d9b43025a40929ec41c46c,all,955,directory,test/targets,ALL,1121,3,1118,1124,2,0.0020942408376963353,1.1769633507853405,
cJSON,6d9f2443ab071f86e5d9b43025a40929ec41c46c,all,955,directory,test/targets,Max Bruckner <max@maxbruckner.de>,1121,3,1118,1124,2,,,1.0
cJSON,6d9f2443ab071f86e5d9b43025a40929ec41c46c,all,955,directory,test/testdata,ALL,488,0,488,488,2,0.0020942408376963353,0.5109947643979058,
cJSON,6d9f2443ab071f86e5d9b43025a40929ec41c46c,all,955,directory,test/testdata,Max Bruckner <max@maxbruckner.de>,488,0,488,488,2,,,1.0
cJSON,6d9f2443ab071f86e5d9b43025a40929ec41c46c,all,955,directory,test/tests,ALL,6872,173,6699,7045,3,0.003141361256544503,7.376963350785341,
cJSON,6d9f2443ab071f86e5d9b43025a40929ec41c46c,all,955,directory,test/tests,Max Bruckner <max@maxbruckner.de>,6872,173,6699,7045,3,,,1.0
cJSON,6d9f2443ab071f86e5d9b43025a40929ec41c46c,all,955,directory,tests,ALL,5747,669,5078,6416,142,0.1486910994764398,6.718324607329843,
cJSON,6d9f2443ab071f86e5d9b43025a40929ec41c46c,all,955,directory,tests,Max Bruckner <max@maxbruckner.de>,4864,509,4355,5373,96,,,0.8374376558603491
cJSON,6d9f2443ab071f86e5d9b43025a40929ec41c46c,all,955,directory,tests,Alanscut <wp_scut@163.com>,163,62,101,225,14,,,0.03506857855361596
cJSON,6d9f2443ab071f86e5d9b43025a40929ec41c46c,all,955,directory,tests,Dave Gamble <davegamble@gmail.com>,174,0,174,174,1,,,0.027119700748129676
cJSON,6d9f2443ab071f86e5d9b43025a40929ec41c46c,all,955,directory,tests,Stoian Ivanov <st.iv.sdr@gmail.com>,78,17,61,95,1,,,0.014806733167082295
cJSON,6d9f2443ab071f86e5d9b43025a40929ec41c46c,all,955,directory,tests,Nicolas Badoux <n.badoux@hotmail.com>,59,6,53,65,5,,,0.010130922693266833
cJSON,6d9f2443ab071f86e5d9b43025a40929ec41c46c,all,955,directory,tests,caglarivriz <caglarivriz@gmail.com>,57,0,57,57,1,,,0.008884039900249377
cJSON,6d9f2443ab071f86e5d9b43025a40929ec41c46c,all,955,directory,tests,Zach Hindes <zach@dowhatnow.net>,34,22,12,56,3,,,0.008728179551122194
cJSON,6d9f2443ab071f86e5d9b43025a40929ec41c46c,all,955,directory,tests,mongobaba <66656234+mongobaba@users.noreply.github.com>,49,0,49,49,1,,,0.00763715710723192
cJSON,6d9f2443ab071f86e5d9b43025a40929ec41c46c,all,955,directory,tests,rmallins <rmallins@rmallins-AO1-131>,37,7,30,44,2,,,0.00685785536159601
cJSON,6d9f2443ab071f86e5d9b43025a40929ec41c46c,all,955,directory,tests,Alan Wang <wp_scut@163.com>,39,4,35,43,1,,,0.006701995012468828
cJSON,6d9f2443ab071f86e5d9b43025a40929ec41c46c,all,955,directory,tests,PeterAlfredLee <peteralfredlee@gmail.com>,37,0,37,37,1,,,0.005766832917705736
cJSON,6d9f2443ab071f86e5d9b43025a40929ec41c46c,all,955,directory,tests,lilu5458 <lilu@kylinos.cn>,34,0,34,34,1,,,0.00529925187032419
cJSON,6d9f2443ab071f86e5d9b43025a40929ec41c46c,all,955,directory,tests,orri <orri@systemb.is>,28,0,28,28,1,,,0.004364089775561097
cJSON,6d9f2443ab071f86e5d9b43025a40929ec41c46c,all,955,directory,tests,Debora Grosse <dygrosse@gmail.com>,7,17,-10,24,1,,,0.003740648379052369
cJSON,6d9f2443ab071f86e5d9b43025a40929ec41c46c,all,955,directory,tests,Lee <peterlee@apache.org>,21,0,21,21,1,,,0.003273067331670823
cJSON,6d9f2443ab071f86e5d9b43025a40929ec41c46c,all,955,directory,tests,yangfl <yangfl@users.noreply.github.com>,9,9,0,18,1,,,0.002805486284289277
cJSON,6d9f2443ab071f86e5d9b43025a40929ec41c46c,all,955,directory,tests,Christian Schulze <christian.schulze@mni.thm.de>,16,0,16,16,1,,,0.0024937655860349127
cJSON,6d9f2443ab071f86e5d9b43025a40929ec41c46c,all,955,directory,tests,Sang-Heon Jeon <ekffu200098@gmail.com>,14,0,14,14,1,,,0.0021820448877805485
cJSON,6d9f2443ab071f86e5d9b43025a40929ec41c46c,all,955,directory,tests,Shaun Case <shaunc@aja.com>,7,7,0,14,1,,,0.0021820448877805485
cJSON,6d9f2443ab071f86e5d9b43025a40929ec41c46c,all,955,directory,tests,Bob Kocisko <rkocisko@gmail.com>,8,1,7,9,1,,,0.0014027431421446384
cJSON,6d9f2443ab071f86e5d9b43025a40929ec41c46c,all,955,directory,tests,Lee <peteralfredlee@gmail.com>,3,2,1,5,1,,,0.0007793017456359103
cJSON,6d9f2443ab071f86e5d9b43025a40929ec41c46c,all,955,directory,tests,Fabrice Fontaine <fontaine.fabrice@gmail.com>,2,2,0,4,1,,,0.0006234413965087282
cJSON,6d9f2443ab071f86e5d9b43025a40929ec41c46c,all,955,directory,tests,Winterreise <tanwei0404@163.com>,3,0,3,3,1,,,0.0004675810473815461
cJSON,6d9f2443ab071f86e5d9b43025a40929ec41c46c,all,955,directory,tests,Alan Wang <948467222@qq.com>,1,1,0,2,1,,,0.0003117206982543641
cJSON,6d9f2443ab071f86e5d9b43025a40929ec41c46c,all,955,directory,tests,Dimitri Papadopoulos Orfanos <3234522+DimitriPapadopoulos@users.noreply.github.com>,1,1,0,2,1,,,0.0003117206982543641
cJSON,6d9f2443ab071f86e5d9b43025a40929ec41c46c,all,955,directory,tests,Tim Gates <tim.gates@iress.com>,1,1,0,2,1,,,0.0003117206982543641
cJSON,6d9f2443ab071f86e5d9b43025a40929ec41c46c,all,955,directory,tests,xiaomianhehe <hongshaokai@hotmail.com>,1,1,0,2,1,,,0.0003117206982543641
cJSON,6d9f2443ab071f86e5d9b43025a40929ec41c46c,all,955,directory,tests/inputs,ALL,321,12,309,333,4,0.004188481675392671,0.34869109947643984,
cJSON,6d9f2443ab071f86e5d9b43025a40929ec41c46c,all,955,directory,tests/inputs,Max Bruckner <max@maxbruckner.de>,312,3,309,315,3,,,0.9459459459459459
cJSON,6d9f2443ab071f86e5d9b43025a40929ec41c46c,all,955,directory,tests/inputs,yangfl <yangfl@users.noreply.github.com>,9,9,0,18,1,,,0.05405405405405406
cJSON,6d9f2443ab071f86e5d9b43025a40929ec41c46c,all,955,directory,tests/json-patch-tests,ALL,92,1,91,93,2,0.0020942408376963353,0.0973821989528796,
cJSON,6d9f2443ab071f86e5d9b43025a40929ec41c46c,all,955,directory,tests/json-patch-tests,Max Bruckner <max@maxbruckner.de>,84,0,84,84,1,,,0.9032258064516129
cJSON,6d9f2443ab071f86e5d9b43025a40929ec41c46c,all,955,directory,tests/json-patch-tests,Bob Kocisko <rkocisko@gmail.com>,8,1,7,9,1,,,0.0967741935483871
cJSON,6d9f2443ab071f86e5d9b43025a40929ec41c46c,all,955,directory,tests/unity,ALL,15,17,-2,32,5,0.005235602094240838,0.033507853403141365,
cJSON,6d9f2443ab071f86e5d9b43025a40929ec41c46c,all,955,directory,tests/unity,Alanscut <wp_scut@163.com>,6,6,0,12,1,,,0.375
cJSON,6d9f2443ab071f86e5d9b43025a40929ec41c46c,all,955,directory,tests/unity,Max Bruckner <max@maxbruckner.de>,4,6,-2,10,3,,,0.3125
cJSON,6d9f2443ab071f86e5d9b43025a40929ec41c46c,all,955,directory,tests/unity,Shaun Case <shaunc@aja.com>,5,5,0,10,1,,,0.3125
cJSON,6d9f2443ab071f86e5d9b43025a40929ec41c46c,all,955,directory,tests/unity/auto,ALL,1,1,0,2,1,0.0010471204188481676,0.0020942408376963353,
cJSON,6d9f2443ab071f86e5d9b43025a40929ec41c46c,all,955,directory,tests/unity/auto,Shaun Case <shaunc@aja.com>,1,1,0,2,1,,,1.0
cJSON,6d9f2443ab071f86e5d9b43025a40929ec41c46c,all,955,directory,tests/unity/docs,ALL,1,1,0,2,1,0.0010471204188481676,0.0020942408376963353,
cJSON,6d9f2443ab071f86e5d9b43025a40929ec41c46c,all,955,directory,tests/unity/docs,Shaun Case <shaunc@aja.com>,1,1,0,2,1,,,1.0
cJSON,6d9f2443ab071f86e5d9b43025a40929ec41c46c,all,955,directory,tests/unity/examples,ALL,1,1,0,2,1,0.0010471204188481676,0.0020942408376963353,
cJSON,6d9f2443ab071f86e5d9b43025a40929ec41c46c,all,955,directory,tests/unity/examples,Max Bruckner <max@maxbruckner.de>,1,1,0,2,1,,,1.0
cJSON,6d9f2443ab071f86e5d9b43025a40929ec41c46c,all,955,directory,tests/unity/extras,ALL,1,1,0,2,1,0.0010471204188481676,0.0020942408376963353,
cJSON,6d9f2443ab071f86e5d9b43025a40929ec41c46c,all,955,directory,tests/unity/extras,Shaun Case <shaunc@aja.com>,1,1,0,2,1,,,1.0
cJSON,6d9f2443ab071f86e5d9b43025a40929ec41c46c,all,955,directory,tests/unity/extras/eclipse,ALL,1,1,0,2,1,0.0010471204188481676,0.0020942408376963353,
cJSON,6d9f2443ab071f86e5d9b43025a40929ec41c46c,all,955,directory,tests/unity/extras/eclipse,Shaun Case <shaunc@aja.com>,1,1,0,2,1,,,1.0
cJSON,6d9f2443ab071f86e5d9b43025a40929ec41c46c,all,955,directory,tests/unity/src,ALL,10,12,-2,22,5,0.005235602094240838,0.02303664921465969,
cJSON,6d9f2443ab071f86e5d9b43025a40929ec41c46c,all,955,directory,tests/unity/src,Alanscut <wp_scut@163.com>,6,6,0,12,1,,,0.5454545454545454
cJSON,6d9f2443ab071f86e5d9b43025a40929ec41c46c,all,955,directory,tests/unity/src,Max Bruckner <max@maxbruckner.de>,3,5,-2,8,3,,,0.36363636363636365
cJSON,6d9f2443ab071f86e5d9b43025a40929ec41c46c,all,955,directory,tests/unity/src,Shaun Case <shaunc@aja.com>,1,1,0,2,1,,,0.09090909090909091
cJSON,6d9f2443ab071f86e5d9b43025a40929ec41c46c,all,955,directory,tests/unity/test,ALL,1,1,0,2,1,0.0010471204188481676,0.0020942408376963353,
cJSON,6d9f2443ab071f86e5d9b43025a40929ec41c46c,all,955,directory,tests/unity/test,Shaun Case <shaunc@aja.com>,1,1,0,2,1,,,1.0
cJSON,6d9f2443ab071f86e5d9b43025a40929ec41c46c,all,955,file,.editorconfig,ALL,33,0,33,33,2,0.0020942408376963353,0.034554973821989535,
cJSON,6d9f2443ab071f86e5d9b43025a40929ec41c46c,all,955,file,.editorconfig,Max Bruckner <max@maxbruckner.de>,33,0,33,33,2,,,1.0
cJSON,6d9f2443ab071f86e5d9b43025a40929ec41c46c,all,955,file,.gitattributes,ALL,42,1,41,43,4,0.004188481675392671,0.04502617801047121,
cJSON,6d9f2443ab071f86e5d9b43025a40929ec41c46c,all,955,file,.gitattributes,Max Bruckner <max@maxbruckner.de>,30,0,30,30,1,,,0.6976744186046512
cJSON,6d9f2443ab071f86e5d9b43025a40929ec41c46c,all,955,file,.gitattributes,h00283522 <hukeping@huawei.com>,7,1,6,8,1,,,0.18604651162790697
cJSON,6d9f2443ab071f86e5d9b43025a40929ec41c46c,all,955,file,.gitattributes,CoffeeTableEspresso <thiabaud.engelbrecht@gmail.com>,3,0,3,3,1,,,0.06976744186046512
cJSON,6d9f2443ab071f86e5d9b43025a40929ec41c46c,all,955,file,.gitattributes,Zach Hindes <zach@dowhatnow.net>,2,0,2,2,1,,,0.046511627906976744
cJSON,6d9f2443ab071f86e5d9b43025a40929ec41c46c,all,955,file,.github/CONTRIBUTING.md,ALL,55,1,54,56,2,0.0020942408376963353,0.05863874345549739,
cJSON,6d9f2443ab071f86e5d9b43025a40929ec41c46c,all,955,file,.github/CONTRIBUTING.md,Max Bruckner <max@maxbruckner.de>,55,1,54,56,2,,,1.0
cJSON,6d9f2443ab071f86e5d9b43025a40929ec41c46c,all,955,file,.github/workflows/CI.yml,ALL,103,1,102,104,2,0.0020942408376963353,0.10890052356020943,
cJSON,6d9f2443ab071f86e5d9b43025a40929ec41c46c,all,955,file,.github/workflows/CI.yml,Alanscut <wp_scut@163.com>,102,0,102,102,1,,,0.9807692307692307
cJSON,6d9f2443ab071f86e5d9b43025a40929ec41c46c,all,955,file,.github/workflows/CI.yml,Alan Wang <wp_scut@163.com>,1,1,0,2,1,,,0.019230769230769232
cJSON,6d9f2443ab071f86e5d9b43025a40929ec41c46c,all,955,file,.github/workflows/ci-fuzz.yml,ALL,24,1,23,25,2,0.0020942408376963353,0.026178010471204192,
cJSON,6d9f2443ab071f86e5d9b43025a40929ec41c46c,all,955,file,.github/workflows/ci-fuzz.yml,Randy <randy408@protonmail.com>,23,0,23,23,1,,,0.92
cJSON,6d9f2443ab071f86e5d9b43025a40929ec41c46c,all,955,file,.github/workflows/ci-fuzz.yml,PeterAlfredLee <peteralfredlee@gmail.com>,1,1,0,2,1,,,0.08
cJSON,6d9f2443ab071f86e5d9b43025a40929ec41c46c,all,955,file,.gitignore,ALL,37,4,33,41,13,0.01361256544502618,0.042931937172774874,
cJSON,6d9f2443ab071f86e5d9b43025a40929ec41c46c,all,955,file,.gitignore,Max Bruckner <max@maxbruckner.de>,21,0,21,21,6,,,0.5121951219512195
cJSON,6d9f2443ab071f86e5d9b43025a40929ec41c46c,all,955,file,.gitignore,Ajay Bhargav <ajay.bhargav@einfochips.com>,7,1,6,8,1,,,0.1951219512195122
cJSON,6d9f2443ab071f86e5d9b43025a40929ec41c46c,all,955,file,.gitignore,Kevin Branigan <kbranigan@gmail.com>,4,2,2,6,2,,,0.14634146341463414
cJSON,6d9f2443ab071f86e5d9b43025a40929ec41c46c,all,955,file,.gitignore,Alan Wang <wp_scut@163.com>,2,0,2,2,1,,,0.04878048780487805
cJSON,6d9f2443ab071f86e5d9b43025a40929ec41c46c,all,955,file,.gitignore,Tony Langhammer <tony.langhammer@yahoo.de>,1,1,0,2,1,,,0.04878048780487805
cJSON,6d9f2443ab071f86e5d9b43025a40929ec41c46c,all,955,file,.gitignore,Dave Gamble <davegamble@gmail.com>,1,0,1,1,1,,,0.024390243902439025
cJSON,6d9f2443ab071f86e5d9b43025a40929ec41c46c,all,955,file,.gitignore,simon-p-r <simon.ricaldone@circabs.com>,1,0,1,1,1,,,0.024390243902439025
cJSON,6d9f2443ab071f86e5d9b43025a40929ec41c46c,all,955,file,.npmignore,ALL,2,0,2,2,1,0.0010471204188481676,0.0020942408376963353,
cJSON,6d9f2443ab071f86e5d9b43025a40929ec41c46c,all,955,file,.npmignore,Max Bruckner <max@maxbruckner.de>,2,0,2,2,1,,,1.0
cJSON,6d9f2443ab071f86e5d9b43025a40929ec41c46c,all,955,file,.travis.yml,ALL,60,3,57,63,5,0.005235602094240838,0.06596858638743457,
cJSON,6d9f2443ab071f86e5d9b43025a40929ec41c46c,all,955,file,.travis.yml,Max Bruckner <max@maxbruckner.de>,60,3,57,63,5,,,1.0
cJSON,6d9f2443ab071f86e5d9b43025a40929ec41c46c,all,955,file,CHANGELOG.md,ALL,650,174,476,824,36,0.03769633507853404,0.8628272251308902,
cJSON,6d9f2443ab071f86e5d9b43025a40929ec41c46c,all,955,file,CHANGELOG.md,Max Bruckner <max@maxbruckner.de>,392,1,391,393,28,,,0.47694174757281554
cJSON,6d9f2443ab071f86e5d9b43025a40929ec41c46c,all,955,file,CHANGELOG.md,Alanscut <wp_scut@163.com>,217,173,44,390,5,,,0.4733009708737864
cJSON,6d9f2443ab071f86e5d9b43025a40929ec41c46c,all,955,file,CHANGELOG.md,Alan Wang <wp_scut@163.com>,31,0,31,31,2,,,0.03762135922330097
cJSON,6d9f2443ab071f86e5d9b43025a40929ec41c46c,all,955,file,CHANGELOG.md,Alan Wang <948467222@qq.com>,10,0,10,10,1,,,0.012135922330097087
cJSON,6d9f2443ab071f86e5d9b43025a40929ec41c46c,all,955,file,CMakeLists.txt,ALL,624,345,279,969,143,0.14973821989528796,1.0146596858638743,
cJSON,6d9f2443ab071f86e5d9b43025a40929ec41c46c,all,955,file,CMakeLists.txt,Max Bruckner <max@maxbruckner.de>,434,260,174,694,101,,,0.7162022703818369
cJSON,6d9f2443ab071f86e5d9b43025a40929ec41c46c,all,955,file,CMakeLists.txt,Anton Sergeev <Anton.Sergeev@elecard.ru>,52,10,42,62,2,,,0.06398348813209494
cJSON,6d9f2443ab071f86e5d9b43025a40929ec41c46c,all,955,file,CMakeLists.txt,Markus Blatt <markus@dr-blatt.de>,21,1,20,22,1,,,0.022703818369453045
cJSON,6d9f2443ab071f86e5d9b43025a40929ec41c46c,all,955,file,CMakeLists.txt,Andy <mlh0101@126.com>,13,8,5,21,1,,,0.021671826625386997
cJSON,6d9f2443ab071f86e5d9b43025a40929ec41c46c,all,955,file,CMakeLists.txt,Fabrice Fontaine <fabrice.fontaine@orange.com>,4,17,-13,21,1,,,0.021671826625386997
cJSON,6d9f2443ab071f86e5d9b43025a40929ec41c46c,all,955,file,CMakeLists.txt,Weston Schmidt <Weston_Schmidt@cable.comcast.com>,12,6,6,18,2,,,0.018575851393188854
cJSON,6d9f2443ab071f86e5d9b43025a40929ec41c46c,all,955,file,CMakeLists.txt,myd7349 <myd7349@gmail.com>,14,2,12,16,1,,,0.016511867905056758
cJSON,6d9f2443ab071f86e5d9b43025a40929ec41c46c,all,955,file,CMakeLists.txt,Alanscut <wp_scut@163.com>,7,7,0,14,8,,,0.014447884416924664
cJSON,6d9f2443ab071f86e5d9b43025a40929ec41c46c,all,955,file,CMakeLists.txt,10km <10km0811@sohu.com>,10,2,8,12,1,,,0.01238390092879257
cJSON,6d9f2443ab071f86e5d9b43025a40929ec41c46c,all,955,file,CMakeLists.txt,Joshua Arulsamy <joshua.gf.arul@gmail.com>,5,7,-2,12,1,,,0.01238390092879257
cJSON,6d9f2443ab071f86e5d9b43025a40929ec41c46c,all,955,file,CMakeLists.txt,Stephan Gatzka <stephan.gatzka@gmail.com>,6,6,0,12,6,,,0.01238390092879257
cJSON,6d9f2443ab071f86e5d9b43025a40929ec41c46c,all,955,file,CMakeLists.txt,Romain Lesteven <romain.lesteven@armaturetech.com>,6,4,2,10,1,,,0.010319917440660475
cJSON,6d9f2443ab071f86e5d9b43025a40929ec41c46c,all,955,file,CMakeLists.txt,Evan Todd <et1337@gmail.com>,6,2,4,8,1,,,0.008255933952528379
cJSON,6d9f2443ab071f86e5d9b43025a40929ec41c46c,all,955,file,CMakeLists.txt,Paulo Antonio Alvarez <pauloaalvarez@gmail.com>,8,0,8,8,1,,,0.008255933952528379
cJSON,6d9f2443ab071f86e5d9b43025a40929ec41c46c,all,955,file,CMakeLists.txt,Alan Wang <wp_scut@163.com>,3,3,0,6,3,,,0.006191950464396285
cJSON,6d9f2443ab071f86e5d9b43025a40929ec41c46c,all,955,file,CMakeLists.txt,Sayan Bandyopadhyay <sabandyopadh@cs.stonybrook.edu>,5,1,4,6,1,,,0.006191950464396285
cJSON,6d9f2443ab071f86e5d9b43025a40929ec41c46c,all,955,file,CMakeLists.txt,casperinous <nikostotosis@gmail.com>,6,0,6,6,1,,,0.006191950464396285
cJSON,6d9f2443ab071f86e5d9b43025a40929ec41c46c,all,955,file,CMakeLists.txt,yangfl <yangfl@users.noreply.github.com>,3,3,0,6,2,,,0.006191950464396285
cJSON,6d9f2443ab071f86e5d9b43025a40929ec41c46c,all,955,file,CMakeLists.txt,Zach Hindes <zach@dowhatnow.net>,4,0,4,4,2,,,0.0041279669762641896
cJSON,6d9f2443ab071f86e5d9b43025a40929ec41c46c,all,955,file,CMakeLists.txt,orri <orri@systemb.is>,0,3,-3,3,1,,,0.0030959752321981426
cJSON,6d9f2443ab071f86e5d9b43025a40929ec41c46c,all,955,file,CMakeLists.txt,Alan Wang <948467222@qq.com>,1,1,0,2,1,,,0.0020639834881320948
cJSON,6d9f2443ab071f86e5d9b43025a40929ec41c46c,all,955,file,CMakeLists.txt,Lee <peteralfredlee@gmail.com>,1,1,0,2,1,,,0.0020639834881320948
cJSON,6d9f2443ab071f86e5d9b43025a40929ec41c46c,all,955,file,CMakeLists.txt,Stephan <stephan.gatzka@gmail.com>,1,1,0,2,1,,,0.0020639834881320948
cJSON,6d9f2443ab071f86e5d9b43025a40929ec41c46c,all,955,file,CMakeLists.txt,Paweł Malowany <pma@omni3d.net>,1,0,1,1,1,,,0.0010319917440660474
cJSON,6d9f2443ab071f86e5d9b43025a40929ec41c46c,all,955,file,CMakeLists.txt,SuperHuan <jimsong2010@163.com>,1,0,1,1,1,,,0.0010319917440660474
cJSON,6d9f2443ab071f86e5d9b43025a40929ec41c46c,all,955,file,CONTRIBUTORS.md,ALL,105,8,97,113,30,0.03141361256544503,0.11832460732984294,
cJSON,6d9f2443ab071f86e5d9b43025a40929ec41c46c,all,955,file,CONTRIBUTORS.md,Max Bruckner <max@maxbruckner.de>,59,5,54,64,25,,,0.5663716814159292
cJSON,6d9f2443ab071f86e5d9b43025a40929ec41c46c,all,955,file,CONTRIBUTORS.md,Alanscut <wp_scut@163.com>,31,3,28,34,3,,,0.3008849557522124
cJSON,6d9f2443ab071f86e5d9b43025a40929ec41c46c,all,955,file,CONTRIBUTORS.md,Alan Wang <wp_scut@163.com>,15,0,15,15,2,,,0.13274336283185842
cJSON,6d9f2443ab071f86e5d9b43025a40929ec41c46c,all,955,file,LICENSE,ALL,40,20,20,60,3,0.003141361256544503,0.06282722513089006,
cJSON,6d9f2443ab071f86e5d9b43025a40929ec41c46c,all,955,file,LICENSE,yangfl <yangfl@users.noreply.github.com>,19,19,0,38,1,,,0.6333333333333333
cJSON,6d9f2443ab071f86e5d9b43025a40929ec41c46c,all,955,file,LICENSE,Dave Gamble <davegamble@gmail.com>,20,0,20,20,1,,,0.3333333333333333
cJSON,6d9f2443ab071f86e5d9b43025a40929ec41c46c,all,955,file,LICENSE,Max Bruckner <max@maxbruckner.de>,1,1,0,2,1,,,0.03333333333333333
cJSON,6d9f2443ab071f86e5d9b43025a40929ec41c46c,all,955,file,Makefile,ALL,301,138,163,439,82,0.08586387434554975,0.4596858638743456,
cJSON,6d9f2443ab071f86e5d9b43025a40929ec41c46c,all,955,file,Makefile,Max Bruckner <max@maxbruckner.de>,180,100,80,280,53,,,0.6378132118451025
cJSON,6d9f2443ab071f86e5d9b43025a40929ec41c46c,all,955,file,Makefile,Rafael Leal Dias <rafaeldias.c@gmail.com>,60,2,58,62,1,,,0.14123006833712984
cJSON,6d9f2443ab071f86e5d9b43025a40929ec41c46c,all,955,file,Makefile,Alanscut <wp_scut@163.com>,13,10,3,23,8,,,0.05239179954441914
cJSON,6d9f2443ab071f86e5d9b43025a40929ec41c46c,all,955,file,Makefile,Stephan Gatzka <stephan.gatzka@gmail.com>,7,7,0,14,6,,,0.03189066059225513
cJSON,6d9f2443ab071f86e5d9b43025a40929ec41c46c,all,955,file,Makefile,julianvasquez <julian.vasquez@netuxtecnologia.com>,11,1,10,12,1,,,0.02733485193621868
cJSON,6d9f2443ab071f86e5d9b43025a40929ec41c46c,all,955,file,Makefile,Kyle Chisholm <dev@kylechisholm.ca>,7,4,3,11,1,,,0.025056947608200455
cJSON,6d9f2443ab071f86e5d9b43025a40929ec41c46c,all,955,file,Makefile,Kevin Branigan <kbranigan@gmail.com>,6,4,2,10,3,,,0.022779043280182234
cJSON,6d9f2443ab071f86e5d9b43025a40929ec41c46c,all,955,file,Makefile,Eswar Yaganti <naga.malleswara.rao.yaganti@intel.com>,6,2,4,8,1,,,0.018223234624145785
cJSON,6d9f2443ab071f86e5d9b43025a40929ec41c46c,all,955,file,Makefile,Simon Sobisch <simonsobisch@web.de>,4,1,3,5,1,,,0.011389521640091117
cJSON,6d9f2443ab071f86e5d9b43025a40929ec41c46c,all,955,file,Makefile,Alan Wang <wp_scut@163.com>,2,2,0,4,2,,,0.009111617312072893
cJSON,6d9f2443ab071f86e5d9b43025a40929ec41c46c,all,955,file,Makefile,Alan Wang <948467222@qq.com>,1,1,0,2,1,,,0.004555808656036446
cJSON,6d9f2443ab071f86e5d9b43025a40929ec41c46c,all,955,file,Makefile,Ian Mobley <ian@gilderfluke.com>,1,1,0,2,1,,,0.004555808656036446
cJSON,6d9f2443ab071f86e5d9b43025a40929ec41c46c,all,955,file,Makefile,Paweł Malowany <pma@omni3d.net>,1,1,0,2,1,,,0.004555808656036446
cJSON,6d9f2443ab071f86e5d9b43025a40929ec41c46c,all,955,file,Makefile,Stephan <stephan.gatzka@gmail.com>,1,1,0,2,1,,,0.004555808656036446
cJSON,6d9f2443ab071f86e5d9b43025a40929ec41c46c,all,955,file,Makefile,Vemake <vemakereporter@gmail.com>,1,1,0,2,1,,,0.004555808656036446
cJSON,6d9f2443ab071f86e5d9b43025a40929ec41c46c,all,955,file,README,ALL,497,250,247,747,5,0.005235602094240838,0.7821989528795812,
cJSON,6d9f2443ab071f86e5d9b43025a40929ec41c46c,all,955,file,README,Dave Gamble <davegamble@gmail.com>,250,3,247,253,3,,,0.3386880856760375
cJSON,6d9f2443ab071f86e5d9b43025a40929ec41c46c,all,955,file,README,Kevin Branigan <kbranigan@gmail.com>,247,0,247,247,1,,,0.33065595716198126
cJSON,6d9f2443ab071f86e5d9b43025a40929ec41c46c,all,955,file,README,Max Bruckner <max@maxbruckner.de>,0,247,-247,247,1,,,0.33065595716198126
cJSON,6d9f2443ab071f86e5d9b43025a40929ec41c46c,all,955,file,README.md,ALL,1351,702,649,2053,65,0.06806282722513089,2.1497382198952883,
cJSON,6d9f2443ab071f86e5d9b43025a40929ec41c46c,all,955,file,README.md,Max Bruckner <max@maxbruckner.de>,1106,519,587,1625,42,,,0.7915245981490502
cJSON,6d9f2443ab071f86e5d9b43025a40929ec41c46c,all,955,file,README.md,Kevin Branigan <kbranigan@gmail.com>,147,143,4,290,3,,,0.1412566975158305
cJSON,6d9f2443ab071f86e5d9b43025a40929ec41c46c,all,955,file,README.md,Alanscut <wp_scut@163.com>,25,23,2,48,6,,,0.023380418899171942
cJSON,6d9f2443ab071f86e5d9b43025a40929ec41c46c,all,955,file,README.md,NancyLi1013 <lirui09@beyondsoft.com>,16,3,13,19,2,,,0.009254749147588894
cJSON,6d9f2443ab071f86e5d9b43025a40929ec41c46c,all,955,file,README.md,MaxBrandtner <maximilian.immanuel.brandtner@protonmail.com>,18,0,18,18,1,,,0.00876765708718948
cJSON,6d9f2443ab071f86e5d9b43025a40929ec41c46c,all,955,file,README.md,Erez Oxman <erez.oxman@gmail.com>,14,0,14,14,1,,,0.006819288845591817
cJSON,6d9f2443ab071f86e5d9b43025a40929ec41c46c,all,955,file,README.md,Square789 <46634729+Square789@users.noreply.github.com>,4,4,0,8,1,,,0.003896736483195324
cJSON,6d9f2443ab071f86e5d9b43025a40929ec41c46c,all,955,file,README.md,caglarivriz <caglarivriz@gmail.com>,8,0,8,8,1,,,0.003896736483195324
cJSON,6d9f2443ab071f86e5d9b43025a40929ec41c46c,all,955,file,README.md,dm8.kim <dm8.kim@hanwha.com>,4,3,1,7,1,,,0.0034096444227959084
cJSON,6d9f2443ab071f86e5d9b43025a40929ec41c46c,all,955,file,README.md,IvanVoid <npizzpak@gmail.com>,2,2,0,4,1,,,0.001948368241597662
cJSON,6d9f2443ab071f86e5d9b43025a40929ec41c46c,all,955,file,README.md,Romain Porte <microjoe@microjoe.org>,2,2,0,4,1,,,0.001948368241597662
cJSON,6d9f2443ab071f86e5d9b43025a40929ec41c46c,all,955,file,README.md,Dave Gamble <davegamble@gmail.com>,1,1,0,2,1,,,0.000974184120798831
cJSON,6d9f2443ab071f86e5d9b43025a40929ec41c46c,all,955,file,README.md,Lee <peteralfredlee@gmail.com>,1,1,0,2,1,,,0.000974184120798831
cJSON,6d9f2443ab071f86e5d9b43025a40929ec41c46c,all,955,file,README.md,mohawk2 <mohawk2@users.noreply.github.com>,1,1,0,2,1,,,0.000974184120798831
cJSON,6d9f2443ab071f86e5d9b43025a40929ec41c46c,all,955,file,README.md,Andy <mlh0101@126.com>,1,0,1,1,1,,,0.0004870920603994155
cJSON,6d9f2443ab071f86e5d9b43025a40929ec41c46c,all,955,file,README.md,casperinous <nikostotosis@gmail.com>,1,0,1,1,1,,,0.0004870920603994155
cJSON,6d9f2443ab071f86e5d9b43025a40929ec41c46c,all,955,file,SECURITY.md,ALL,13,2,11,15,2,0.0020942408376963353,0.015706806282722516,
cJSON,6d9f2443ab071f86e5d9b43025a40929ec41c46c,all,955,file,SECURITY.md,Alan Wang <wp_scut@163.com>,11,0,11,11,1,,,0.7333333333333333
cJSON,6d9f2443ab071f86e5d9b43025a40929ec41c46c,all,955,file,SECURITY.md,Alanscut <wp_scut@163.com>,2,2,0,4,1,,,0.26666666666666666
cJSON,6d9f2443ab071f86e5d9b43025a40929ec41c46c,all,955,file,appveyor-patch.ps1,ALL,13,13,0,26,3,0.003141361256544503,0.02722513089005236,
cJSON,6d9f2443ab071f86e5d9b43025a40929ec41c46c,all,955,file,appveyor-patch.ps1,simon-p-r <simon.ricaldone@circabs.com>,13,13,0,26,3,,,1.0
cJSON,6d9f2443ab071f86e5d9b43025a40929ec41c46c,all,955,file,appveyor.yml,ALL,87,1,86,88,4,0.004188481675392671,0.09214659685863875,
cJSON,6d9f2443ab071f86e5d9b43025a40929ec41c46c,all,955,file,appveyor.yml,simon-p-r <simon.ricaldone@circabs.com>,87,1,86,88,4,,,1.0
cJSON,6d9f2443ab071f86e5d9b43025a40929ec41c46c,all,955,file,auto/colour_prompt.rb,ALL,182,64,118,246,2,0.0020942408376963353,0.25759162303664923,
cJSON,6d9f2443ab071f86e5d9b43025a40929ec41c46c,all,955,file,auto/colour_prompt.rb,Max Bruckner <max@maxbruckner.de>,182,64,118,246,2,,,1.0
cJSON,6d9f2443ab071f86e5d9b43025a40929ec41c46c,all,955,file,auto/colour_reporter.rb,ALL,59,20,39,79,2,0.0020942408376963353,0.08272251308900525,
cJSON,6d9f2443ab071f86e5d9b43025a40929ec41c46c,all,955,file,auto/colour_reporter.rb,Max Bruckner <max@maxbruckner.de>,59,20,39,79,2,,,1.0
cJSON,6d9f2443ab071f86e5d9b43025a40929ec41c46c,all,955,file,auto/generate_config.yml,ALL,36,0,36,36,1,0.0010471204188481676,0.03769633507853404,
cJSON,6d9f2443ab071f86e5d9b43025a40929ec41c46c,all,955,file,auto/generate_config.yml,Max Bruckner <max@maxbruckner.de>,36,0,36,36,1,,,1.0
cJSON,6d9f2443ab071f86e5d9b43025a40929ec41c46c,all,955,file,auto/generate_module.rb,ALL,455,147,308,602,3,0.003141361256544503,0.6303664921465969,
cJSON,6d9f2443ab071f86e5d9b43025a40929ec41c46c,all,955,file,auto/generate_module.rb,Max Bruckner <max@maxbruckner.de>,455,147,308,602,3,,,1.0
cJSON,6d9f2443ab071f86e5d9b43025a40929ec41c46c,all,955,file,auto/generate_test_runner.rb,ALL,695,241,454,936,4,0.004188481675392671,0.9801047120418849,
cJSON,6d9f2443ab071f86e5d9b43025a40929ec41c46c,all,955,file,auto/generate_test_runner.rb,Max Bruckner <max@maxbruckner.de>,695,241,454,936,4,,,1.0
cJSON,6d9f2443ab071f86e5d9b43025a40929ec41c46c,all,955,file,auto/parseOutput.rb,ALL,225,225,0,450,3,0.003141361256544503,0.47120418848167545,
cJSON,6d9f2443ab071f86e5d9b43025a40929ec41c46c,all,955,file,auto/parseOutput.rb,Max Bruckner <max@maxbruckner.de>,225,225,0,450,3,,,1.0
cJSON,6d9f2443ab071f86e5d9b43025a40929ec41c46c,all,955,file,auto/parse_output.rb,ALL,220,0,220,220,1,0.0010471204188481676,0.23036649214659688,
cJSON,6d9f2443ab071f86e5d9b43025a40929ec41c46c,all,955,file,auto/parse_output.rb,Max Bruckner <max@maxbruckner.de>,220,0,220,220,1,,,1.0
cJSON,6d9f2443ab071f86e5d9b43025a40929ec41c46c,all,955,file,auto/stylize_as_junit.rb,ALL,372,120,252,492,2,0.0020942408376963353,0.5151832460732985,
cJSON,6d9f2443ab071f86e5d9b43025a40929ec41c46c,all,955,file,auto/stylize_as_junit.rb,Max Bruckner <max@maxbruckner.de>,372,120,252,492,2,,,1.0
cJSON,6d9f2443ab071f86e5d9b43025a40929ec41c46c,all,955,file,auto/test_file_filter.rb,ALL,34,9,25,43,2,0.0020942408376963353,0.04502617801047121,
cJSON,6d9f2443ab071f86e5d9b43025a40929ec41c46c,all,955,file,auto/test_file_filter.rb,Max Bruckner <max@maxbruckner.de>,34,9,25,43,2,,,1.0
cJSON,6d9f2443ab071f86e5d9b43025a40929ec41c46c,all,955,file,auto/type_sanitizer.rb,ALL,9,3,6,12,2,0.0020942408376963353,0.012565445026178013,
cJSON,6d9f2443ab071f86e5d9b43025a40929ec41c46c,all,955,file,auto/type_sanitizer.rb,Max Bruckner <max@maxbruckner.de>,9,3,6,12,2,,,1.0
cJSON,6d9f2443ab071f86e5d9b43025a40929ec41c46c,all,955,file,auto/unity_test_summary.py,ALL,139,0,139,139,1,0.0010471204188481676,0.1455497382198953,
cJSON,6d9f2443ab071f86e5d9b43025a40929ec41c46c,all,955,file,auto/unity_test_summary.py,Max Bruckner <max@maxbruckner.de>,139,0,139,139,1,,,1.0
cJSON,6d9f2443ab071f86e5d9b43025a40929ec41c46c,all,955,file,auto/unity_test_summary.rb,ALL,193,57,136,250,2,0.0020942408376963353,0.26178010471204194,
cJSON,6d9f2443ab071f86e5d9b43025a40929ec41c46c,all,955,file,auto/unity_test_summary.rb,Max Bruckner <max@maxbruckner.de>,193,57,136,250,2,,,1.0
cJSON,6d9f2443ab071f86e5d9b43025a40929ec41c46c,all,955,file,auto/unity_to_junit.py,ALL,146,0,146,146,1,0.0010471204188481676,0.15287958115183248,
cJSON,6d9f2443ab071f86e5d9b43025a40929ec41c46c,all,955,file,auto/unity_to_junit.py,Max Bruckner <max@maxbruckner.de>,146,0,146,146,1,,,1.0
cJSON,6d9f2443ab071f86e5d9b43025a40929ec41c46c,all,955,file,cJSON.c,ALL,8165,4457,3708,12622,445,0.4659685863874346,13.216753926701571,
cJSON,6d9f2443ab071f86e5d9b43025a40929ec41c46c,all,955,file,cJSON.c,Max Bruckner <max@maxbruckner.de>,5744,3560,2184,9304,291,,,0.7371256536206623
cJSON,6d9f2443ab071f86e5d9b43025a40929ec41c46c,all,955,file,cJSON.c,Dave Gamble <davegamble@gmail.com>,1247,505,742,1752,63,,,0.13880526065599746
cJSON,6d9f2443ab071f86e5d9b43025a40929ec41c46c,all,955,file,cJSON.c,Kevin Branigan <kbranigan@gmail.com>,503,1,502,504,2,,,0.0399302804626842
cJSON,6d9f2443ab071f86e5d9b43025a40929ec41c46c,all,955,file,cJSON.c,Alanscut <wp_scut@163.com>,99,60,39,159,17,,,0.012597052765013468
cJSON,6d9f2443ab071f86e5d9b43025a40929ec41c46c,all,955,file,cJSON.c,Mike Jerris <mike@jerris.com>,46,45,1,91,2,,,0.007209633972429092
cJSON,6d9f2443ab071f86e5d9b43025a40929ec41c46c,all,955,file,cJSON.c,Alan Wang <wp_scut@163.com>,50,35,15,85,4,,,0.006734273490730471
cJSON,6d9f2443ab071f86e5d9b43025a40929ec41c46c,all,955,file,cJSON.c,Debora Grosse <dygrosse@gmail.com>,14,47,-33,61,2,,,0.004832831563935985
cJSON,6d9f2443ab071f86e5d9b43025a40929ec41c46c,all,955,file,cJSON.c,Alanscut <948467222@qq.com>,18,25,-7,43,1,,,0.0034067501188401205
cJSON,6d9f2443ab071f86e5d9b43025a40929ec41c46c,all,955,file,cJSON.c,singku <tangliang551@gmail.com>,25,18,7,43,1,,,0.0034067501188401205
cJSON,6d9f2443ab071f86e5d9b43025a40929ec41c46c,all,955,file,cJSON.c,Alan Wang <948467222@qq.com>,11,30,-19,41,3,,,0.00324829662494058
cJSON,6d9f2443ab071f86e5d9b43025a40929ec41c46c,all,955,file,cJSON.c,Ian Mobley <ian@gilderfluke.com>,19,19,0,38,2,,,0.003010616384091269
cJSON,6d9f2443ab071f86e5d9b43025a40929ec41c46c,all,955,file,cJSON.c,Kyle Chisholm <dev@kylechisholm.ca>,29,8,21,37,4,,,0.002931389637141499
cJSON,6d9f2443ab071f86e5d9b43025a40929ec41c46c,all,955,file,cJSON.c,PeterAlfredLee <peteralfredlee@gmail.com>,32,5,27,37,1,,,0.002931389637141499
cJSON,6d9f2443ab071f86e5d9b43025a40929ec41c46c,all,955,file,cJSON.c,xiaomianhehe <hongshaokai@hotmail.com>,28,9,19,37,1,,,0.002931389637141499
cJSON,6d9f2443ab071f86e5d9b43025a40929ec41c46c,all,955,file,cJSON.c,caglarivriz <caglarivriz@gmail.com>,29,4,25,33,1,,,0.002614482649342418
cJSON,6d9f2443ab071f86e5d9b43025a40929ec41c46c,all,955,file,cJSON.c,Nicolas Badoux <n.badoux@hotmail.com>,26,5,21,31,5,,,0.0024560291554428775
cJSON,6d9f2443ab071f86e5d9b43025a40929ec41c46c,all,955,file,cJSON.c,Jiri Zouhar <jzouhar@koukaam.se>,27,0,27,27,1,,,0.0021391221676437967
cJSON,6d9f2443ab071f86e5d9b43025a40929ec41c46c,all,955,file,cJSON.c,mongobaba <66656234+mongobaba@users.noreply.github.com>,21,4,17,25,1,,,0.0019806686737442562
cJSON,6d9f2443ab071f86e5d9b43025a40929ec41c46c,all,955,file,cJSON.c,Pawel Winogrodzki <pawelwi@microsoft.com>,16,7,9,23,3,,,0.0018222151798447156
cJSON,6d9f2443ab071f86e5d9b43025a40929ec41c46c,all,955,file,cJSON.c,miaoerduo <zhaoyu3210@foxmail.com>,22,0,22,22,3,,,0.0017429884328949454
cJSON,6d9f2443ab071f86e5d9b43025a40929ec41c46c,all,955,file,cJSON.c,Junbo Zheng <3273070@qq.com>,12,7,5,19,1,,,0.0015053081920456345
cJSON,6d9f2443ab071f86e5d9b43025a40929ec41c46c,all,955,file,cJSON.c,Sang-Heon Jeon <ekffu200098@gmail.com>,14,2,12,16,1,,,0.0012676279511963239
cJSON,6d9f2443ab071f86e5d9b43025a40929ec41c46c,all,955,file,cJSON.c,Lee <peterlee@apache.org>,12,2,10,14,1,,,0.0011091744572967834
cJSON,6d9f2443ab071f86e5d9b43025a40929ec41c46c,all,955,file,cJSON.c,rolegic <8974088+rolegic@users.noreply.github.com>,7,7,0,14,1,,,0.0011091744572967834
cJSON,6d9f2443ab071f86e5d9b43025a40929ec41c46c,all,955,file,cJSON.c,Paweł Malowany <pma@omni3d.net>,9,3,6,12,1,,,0.0009507209633972429
cJSON,6d9f2443ab071f86e5d9b43025a40929ec41c46c,all,955,file,cJSON.c,Rafael Leal Dias <rafaeldias.c@gmail.com>,6,6,0,12,1,,,0.0009507209633972429
cJSON,6d9f2443ab071f86e5d9b43025a40929ec41c46c,all,955,file,cJSON.c,Zach Hindes <zach@dowhatnow.net>,6,6,0,12,1,,,0.0009507209633972429
cJSON,6d9f2443ab071f86e5d9b43025a40929ec41c46c,all,955,file,cJSON.c,Roland Meertens <rolandmeertens@gmail.com>,11,0,11,11,1,,,0.0008714942164474727
cJSON,6d9f2443ab071f86e5d9b43025a40929ec41c46c,all,955,file,cJSON.c,liloler <1258447103@qq.com>,10,0,10,10,1,,,0.0007922674694977025
cJSON,6d9f2443ab071f86e5d9b43025a40929ec41c46c,all,955,file,cJSON.c,Benbuck Nason <bnason@netflix.com>,4,4,0,8,1,,,0.0006338139755981619
cJSON,6d9f2443ab071f86e5d9b43025a40929ec41c46c,all,955,file,cJSON.c,DL6ER <dl6er@dl6er.de>,4,4,0,8,1,,,0.0006338139755981619
cJSON,6d9f2443ab071f86e5d9b43025a40929ec41c46c,all,955,file,cJSON.c,maebex <maximilian.berndt11@web.de>,8,0,8,8,1,,,0.0006338139755981619
cJSON,6d9f2443ab071f86e5d9b43025a40929ec41c46c,all,955,file,cJSON.c,Lee <peteralfredlee@gmail.com>,6,1,5,7,2,,,0.0005545872286483917
cJSON,6d9f2443ab071f86e5d9b43025a40929ec41c46c,all,955,file,cJSON.c,Linus Wallgren <linus.wallgren@scypho.com>,4,3,1,7,1,,,0.0005545872286483917
cJSON,6d9f2443ab071f86e5d9b43025a40929ec41c46c,all,955,file,cJSON.c,Jordan IMBERT <ecrin4102@protonmail.com>,2,4,-2,6,1,,,0.00047536048169862145
cJSON,6d9f2443ab071f86e5d9b43025a40929ec41c46c,all,955,file,cJSON.c,Stephan <stephan.gatzka@gmail.com>,5,1,4,6,2,,,0.00047536048169862145
cJSON,6d9f2443ab071f86e5d9b43025a40929ec41c46c,all,955,file,cJSON.c,casperinous <nikostotosis@gmail.com>,5,1,4,6,2,,,0.00047536048169862145
cJSON,6d9f2443ab071f86e5d9b43025a40929ec41c46c,all,955,file,cJSON.c,rmallins <rmallins@rmallins-AO1-131>,2,4,-2,6,1,,,0.00047536048169862145
cJSON,6d9f2443ab071f86e5d9b43025a40929ec41c46c,all,955,file,cJSON.c,orri <orri@systemb.is>,5,0,5,5,1,,,0.00039613373474885124
cJSON,6d9f2443ab071f86e5d9b43025a40929ec41c46c,all,955,file,cJSON.c,AlexanderVasiljev <48011002+AlexanderVasiljev@users.noreply.github.com>,4,0,4,4,1,,,0.00031690698779908097
cJSON,6d9f2443ab071f86e5d9b43025a40929ec41c46c,all,955,file,cJSON.c,Christian Schulze <christian.schulze@mni.thm.de>,2,2,0,4,1,,,0.00031690698779908097
cJSON,6d9f2443ab071f86e5d9b43025a40929ec41c46c,all,955,file,cJSON.c,Donough Liu <ldm2993593805@163.com>,2,2,0,4,1,,,0.00031690698779908097
cJSON,6d9f2443ab071f86e5d9b43025a40929ec41c46c,all,955,file,cJSON.c,Julian Ste <31321934+julian-st@users.noreply.github.com>,2,2,0,4,1,,,0.00031690698779908097
cJSON,6d9f2443ab071f86e5d9b43025a40929ec41c46c,all,955,file,cJSON.c,Rod Vagg <rod@vagg.org>,4,0,4,4,1,,,0.00031690698779908097
cJSON,6d9f2443ab071f86e5d9b43025a40929ec41c46c,all,955,file,cJSON.c,Use <fpnuseis@naver.com>,4,0,4,4,1,,,0.00031690698779908097
cJSON,6d9f2443ab071f86e5d9b43025a40929ec41c46c,all,955,file,cJSON.c,Alper Akcan <alper.akcan@gmail.com>,1,1,0,2,1,,,0.00015845349389954048
cJSON,6d9f2443ab071f86e5d9b43025a40929ec41c46c,all,955,file,cJSON.c,Bernt Johan Damslora <bernt.johan.damslora@nordicsemi.no>,1,1,0,2,1,,,0.00015845349389954048
cJSON,6d9f2443ab071f86e5d9b43025a40929ec41c46c,all,955,file,cJSON.c,DongwenHuang <huangdongwen789@gmail.com>,1,1,0,2,1,,,0.00015845349389954048
cJSON,6d9f2443ab071f86e5d9b43025a40929ec41c46c,all,955,file,cJSON.c,Jonathan Fether <jfether@users.noreply.github.com>,1,1,0,2,1,,,0.00015845349389954048
cJSON,6d9f2443ab071f86e5d9b43025a40929ec41c46c,all,955,file,cJSON.c,Kevin Sapper <mail@kevinsapper.de>,1,1,0,2,1,,,0.00015845349389954048
cJSON,6d9f2443ab071f86e5d9b43025a40929ec41c46c,all,955,file,cJSON.c,Sanjeev BA <iamsanjeev@gmail.com>,1,1,0,2,1,,,0.00015845349389954048
cJSON,6d9f2443ab071f86e5d9b43025a40929ec41c46c,all,955,file,cJSON.c,Up-wind <lj.upwind@gmail.com>,1,1,0,2,1,,,0.00015845349389954048
cJSON,6d9f2443ab071f86e5d9b43025a40929ec41c46c,all,955,file,cJSON.c,hopper-vul <118949689+hopper-vul@users.noreply.github.com>,1,1,0,2,1,,,0.00015845349389954048
cJSON,6d9f2443ab071f86e5d9b43025a40929ec41c46c,all,955,file,cJSON.c,yangfl <yangfl@users.noreply.github.com>,1,1,0,2,1,,,0.00015845349389954048
cJSON,6d9f2443ab071f86e5d9b43025a40929ec41c46c,all,955,file,cJSON.h,ALL,788,355,433,1143,142,0.1486910994764398,1.1968586387434557,
cJSON,6d9f2443ab071f86e5d9b43025a40929ec41c46c,all,955,file,cJSON.h,Max Bruckner <max@maxbruckner.de>,228,147,81,375,76,,,0.32808398950131235
cJSON,6d9f2443ab071f86e5d9b43025a40929ec41c46c,all,955,file,cJSON.h,Dave Gamble <davegamble@gmail.com>,194,44,150,238,22,,,0.20822397200349957
cJSON,6d9f2443ab071f86e5d9b43025a40929ec41c46c,all,955,file,cJSON.h,Kevin Branigan <kbranigan@gmail.com>,128,1,127,129,2,,,0.11286089238845144
cJSON,6d9f2443ab071f86e5d9b43025a40929ec41c46c,all,955,file,cJSON.h,Mike Jerris <mike@jerris.com>,79,42,37,121,1,,,0.10586176727909011
cJSON,6d9f2443ab071f86e5d9b43025a40929ec41c46c,all,955,file,cJSON.h,Zach Hindes <zach@dowhatnow.net>,53,45,8,98,1,,,0.0857392825896763
cJSON,6d9f2443ab071f86e5d9b43025a40929ec41c46c,all,955,file,cJSON.h,Alanscut <wp_scut@163.com>,30,32,-2,62,15,,,0.0542432195975503
cJSON,6d9f2443ab071f86e5d9b43025a40929ec41c46c,all,955,file,cJSON.h,Eswar Yaganti <naga.malleswara.rao.yaganti@intel.com>,15,15,0,30,2,,,0.026246719160104987
cJSON,6d9f2443ab071f86e5d9b43025a40929ec41c46c,all,955,file,cJSON.h,Ian Mobley <ian@gilderfluke.com>,8,8,0,16,1,,,0.01399825021872266
cJSON,6d9f2443ab071f86e5d9b43025a40929ec41c46c,all,955,file,cJSON.h,Mike Robinson <mikerob@cisco.com>,4,4,0,8,1,,,0.00699912510936133
cJSON,6d9f2443ab071f86e5d9b43025a40929ec41c46c,all,955,file,cJSON.h,Sang-Heon Jeon <ekffu200098@gmail.com>,4,3,1,7,2,,,0.006124234470691163
cJSON,6d9f2443ab071f86e5d9b43025a40929ec41c46c,all,955,file,cJSON.h,Stoian Ivanov <st.iv.sdr@gmail.com>,7,0,7,7,1,,,0.006124234470691163
cJSON,6d9f2443ab071f86e5d9b43025a40929ec41c46c,all,955,file,cJSON.h,Jiri Zouhar <jzouhar@koukaam.se>,5,1,4,6,1,,,0.005249343832020997
cJSON,6d9f2443ab071f86e5d9b43025a40929ec41c46c,all,955,file,cJSON.h,Nicolas Badoux <n.badoux@hotmail.com>,6,0,6,6,1,,,0.005249343832020997
cJSON,6d9f2443ab071f86e5d9b43025a40929ec41c46c,all,955,file,cJSON.h,Paweł Malowany <pma@omni3d.net>,5,0,5,5,1,,,0.004374453193350831
cJSON,6d9f2443ab071f86e5d9b43025a40929ec41c46c,all,955,file,cJSON.h,Alan Wang <wp_scut@163.com>,2,2,0,4,2,,,0.003499562554680665
cJSON,6d9f2443ab071f86e5d9b43025a40929ec41c46c,all,955,file,cJSON.h,Alan_scut <wp_scut@163.com>,3,1,2,4,1,,,0.003499562554680665
cJSON,6d9f2443ab071f86e5d9b43025a40929ec41c46c,all,955,file,cJSON.h,Kyle Chisholm <dev@kylechisholm.ca>,3,1,2,4,2,,,0.003499562554680665
cJSON,6d9f2443ab071f86e5d9b43025a40929ec41c46c,all,955,file,cJSON.h,Sanjeev BA <iamsanjeev@gmail.com>,2,2,0,4,1,,,0.003499562554680665
cJSON,6d9f2443ab071f86e5d9b43025a40929ec41c46c,all,955,file,cJSON.h,root <root@zzsec.org>,3,0,3,3,1,,,0.0026246719160104987
cJSON,6d9f2443ab071f86e5d9b43025a40929ec41c46c,all,955,file,cJSON.h,Alan Wang <948467222@qq.com>,1,1,0,2,1,,,0.0017497812773403325
cJSON,6d9f2443ab071f86e5d9b43025a40929ec41c46c,all,955,file,cJSON.h,Bernt Johan Damslora <bernt.johan.damslora@nordicsemi.no>,1,1,0,2,1,,,0.0017497812773403325
cJSON,6d9f2443ab071f86e5d9b43025a40929ec41c46c,all,955,file,cJSON.h,Dimitri Papadopoulos Orfanos <3234522+DimitriPapadopoulos@users.noreply.github.com>,1,1,0,2,1,,,0.0017497812773403325
cJSON,6d9f2443ab071f86e5d9b43025a40929ec41c46c,all,955,file,cJSON.h,Pawel Winogrodzki <pawelwi@microsoft.com>,1,1,0,2,1,,,0.0017497812773403325
cJSON,6d9f2443ab071f86e5d9b43025a40929ec41c46c,all,955,file,cJSON.h,Roland Meertens <rolandmeertens@gmail.com>,1,1,0,2,1,,,0.0017497812773403325
cJSON,6d9f2443ab071f86e5d9b43025a40929ec41c46c,all,955,file,cJSON.h,Zhao Zhixu <zzx.2013@qq.com>,1,1,0,2,1,,,0.0017497812773403325
cJSON,6d9f2443ab071f86e5d9b43025a40929ec41c46c,all,955,file,cJSON.h,caglarivriz <caglarivriz@gmail.com>,2,0,2,2,1,,,0.0017497812773403325
cJSON,6d9f2443ab071f86e5d9b43025a40929ec41c46c,all,955,file,cJSON.h,rmallins <rmallins@rmallins-AO1-131>,1,1,0,2,1,,,0.0017497812773403325
cJSON,6d9f2443ab071f86e5d9b43025a40929ec41c46c,all,955,file,cJSONConfig.cmake.in,ALL,42,13,29,55,5,0.005235602094240838,0.05759162303664922,
cJSON,6d9f2443ab071f86e5d9b43025a40929ec41c46c,all,955,file,cJSONConfig.cmake.in,Max Bruckner <max@maxbruckner.de>,28,13,15,41,4,,,0.7454545454545455
cJSON,6d9f2443ab071f86e5d9b43025a40929ec41c46c,all,955,file,cJSONConfig.cmake.in,Markus Blatt <markus@dr-blatt.de>,14,0,14,14,1,,,0.2545454545454545
cJSON,6d9f2443ab071f86e5d9b43025a40929ec41c46c,all,955,file,cJSONConfigVersion.cmake.in,ALL,13,2,11,15,3,0.003141361256544503,0.015706806282722516,
cJSON,6d9f2443ab071f86e5d9b43025a40929ec41c46c,all,955,file,cJSONConfigVersion.cmake.in,Markus Blatt <markus@dr-blatt.de>,11,0,11,11,1,,,0.7333333333333333
cJSON,6d9f2443ab071f86e5d9b43025a40929ec41c46c,all,955,file,cJSONConfigVersion.cmake.in,Max Bruckner <max@maxbruckner.de>,2,2,0,4,2,,,0.26666666666666666
cJSON,6d9f2443ab071f86e5d9b43025a40929ec41c46c,all,955,file,cJSON_Utils.c,ALL,2780,1300,1480,4080,146,0.15287958115183248,4.272251308900524,
cJSON,6d9f2443ab071f86e5d9b43025a40929ec41c46c,all,955,file,cJSON_Utils.c,Max Bruckner <max@maxbruckner.de>,2228,1180,1048,3408,117,,,0.8352941176470589
cJSON,6d9f2443ab071f86e5d9b43025a40929ec41c46c,all,955,file,cJSON_Utils.c,Dave Gamble <davegamble@gmail.com>,483,92,391,575,10,,,0.1409313725490196
cJSON,6d9f2443ab071f86e5d9b43025a40929ec41c46c,all,955,file,cJSON_Utils.c,Alanscut <wp_scut@163.com>,19,6,13,25,7,,,0.006127450980392157
cJSON,6d9f2443ab071f86e5d9b43025a40929ec41c46c,all,955,file,cJSON_Utils.c,Mike Jerris <mike@jerris.com>,8,8,0,16,1,,,0.00392156862745098
cJSON,6d9f2443ab071f86e5d9b43025a40929ec41c46c,all,955,file,cJSON_Utils.c,Paweł Malowany <pma@omni3d.net>,10,2,8,12,1,,,0.0029411764705882353
cJSON,6d9f2443ab071f86e5d9b43025a40929ec41c46c,all,955,file,cJSON_Utils.c,crhackos <crhackos@gmail.com>,5,5,0,10,1,,,0.0024509803921568627
cJSON,6d9f2443ab071f86e5d9b43025a40929ec41c46c,all,955,file,cJSON_Utils.c,lilu5458 <lilu@kylinos.cn>,6,2,4,8,1,,,0.00196078431372549
cJSON,6d9f2443ab071f86e5d9b43025a40929ec41c46c,all,955,file,cJSON_Utils.c,raiden00pl <raiden00pl@gmail.com>,7,0,7,7,1,,,0.001715686274509804
cJSON,6d9f2443ab071f86e5d9b43025a40929ec41c46c,all,955,file,cJSON_Utils.c,Bob Kocisko <rkocisko@gmail.com>,6,0,6,6,1,,,0.0014705882352941176
cJSON,6d9f2443ab071f86e5d9b43025a40929ec41c46c,all,955,file,cJSON_Utils.c,Alan Wang <wp_scut@163.com>,3,1,2,4,1,,,0.000980392156862745
cJSON,6d9f2443ab071f86e5d9b43025a40929ec41c46c,all,955,file,cJSON_Utils.c,ChenYuan <github@qiushi.ac.cn>,1,1,0,2,1,,,0.0004901960784313725
cJSON,6d9f2443ab071f86e5d9b43025a40929ec41c46c,all,955,file,cJSON_Utils.c,Lee <peteralfredlee@gmail.com>,1,1,0,2,1,,,0.0004901960784313725
cJSON,6d9f2443ab071f86e5d9b43025a40929ec41c46c,all,955,file,cJSON_Utils.c,Ssh1y Ripple <62094604+Ssh1y@users.noreply.github.com>,1,1,0,2,1,,,0.0004901960784313725
cJSON,6d9f2443ab071f86e5d9b43025a40929ec41c46c,all,955,file,cJSON_Utils.c,yuta-oxo <13583684+yuta-oxo@users.noreply.github.com>,1,1,0,2,1,,,0.0004901960784313725
cJSON,6d9f2443ab071f86e5d9b43025a40929ec41c46c,all,955,file,cJSON_Utils.c,Alan Wang <948467222@qq.com>,1,0,1,1,1,,,0.00024509803921568627
cJSON,6d9f2443ab071f86e5d9b43025a40929ec41c46c,all,955,file,cJSON_Utils.h,ALL,125,37,88,162,24,0.025130890052356025,0.16963350785340317,
cJSON,6d9f2443ab071f86e5d9b43025a40929ec41c46c,all,955,file,cJSON_Utils.h,Max Bruckner <max@maxbruckner.de>,81,23,58,104,17,,,0.6419753086419753
cJSON,6d9f2443ab071f86e5d9b43025a40929ec41c46c,all,955,file,cJSON_Utils.h,Dave Gamble <davegamble@gmail.com>,36,6,30,42,6,,,0.25925925925925924
cJSON,6d9f2443ab071f86e5d9b43025a40929ec41c46c,all,955,file,cJSON_Utils.h,Mike Jerris <mike@jerris.com>,8,8,0,16,1,,,0.09876543209876543
cJSON,6d9f2443ab071f86e5d9b43025a40929ec41c46c,all,955,file,docs/ThrowTheSwitchCodingStandard.md,ALL,207,0,207,207,1,0.0010471204188481676,0.2167539267015707,
cJSON,6d9f2443ab071f86e5d9b43025a40929ec41c46c,all,955,file,docs/ThrowTheSwitchCodingStandard.md,Max Bruckner <max@maxbruckner.de>,207,0,207,207,1,,,1.0
cJSON,6d9f2443ab071f86e5d9b43025a40929ec41c46c,all,955,file,docs/UnityAssertionsReference.md,ALL,770,0,770,770,2,0.0020942408376963353,0.8062827225130891,
cJSON,6d9f2443ab071f86e5d9b43025a40929ec41c46c,all,955,file,docs/UnityAssertionsReference.md,Max Bruckner <max@maxbruckner.de>,770,0,770,770,2,,,1.0
cJSON,6d9f2443ab071f86e5d9b43025a40929ec41c46c,all,955,file,docs/UnityConfigurationGuide.md,ALL,478,43,435,521,2,0.0020942408376963353,0.5455497382198954,
cJSON,6d9f2443ab071f86e5d9b43025a40929ec41c46c,all,955,file,docs/UnityConfigurationGuide.md,Max Bruckner <max@maxbruckner.de>,478,43,435,521,2,,,1.0
cJSON,6d9f2443ab071f86e5d9b43025a40929ec41c46c,all,955,file,docs/UnityGettingStartedGuide.md,ALL,191,0,191,191,1,0.0010471204188481676,0.2,
cJSON,6d9f2443ab071f86e5d9b43025a40929ec41c46c,all,955,file,docs/UnityGettingStartedGuide.md,Max Bruckner <max@maxbruckner.de>,191,0,191,191,1,,,1.0
cJSON,6d9f2443ab071f86e5d9b43025a40929ec41c46c,all,955,file,docs/UnityHelperScriptsGuide.md,ALL,257,3,254,260,2,0.0020942408376963353,0.27225130890052357,
cJSON,6d9f2443ab071f86e5d9b43025a40929ec41c46c,all,955,file,docs/UnityHelperScriptsGuide.md,Max Bruckner <max@maxbruckner.de>,257,3,254,260,2,,,1.0
cJSON,6d9f2443ab071f86e5d9b43025a40929ec41c46c,all,955,file,docs/license.txt,ALL,21,0,21,21,1,0.0010471204188481676,0.021989528795811522,
cJSON,6d9f2443ab071f86e5d9b43025a40929ec41c46c,all,955,file,docs/license.txt,Max Bruckner <max@maxbruckner.de>,21,0,21,21,1,,,1.0
cJSON,6d9f2443ab071f86e5d9b43025a40929ec41c46c,all,955,file,examples/example_1/makefile,ALL,71,0,71,71,1,0.0010471204188481676,0.0743455497382199,
cJSON,6d9f2443ab071f86e5d9b43025a40929ec41c46c,all,955,file,examples/example_1/makefile,Max Bruckner <max@maxbruckner.de>,71,0,71,71,1,,,1.0
cJSON,6d9f2443ab071f86e5d9b43025a40929ec41c46c,all,955,file,examples/example_1/readme.txt,ALL,5,0,5,5,1,0.0010471204188481676,0.005235602094240838,
cJSON,6d9f2443ab071f86e5d9b43025a40929ec41c46c,all,955,file,examples/example_1/readme.txt,Max Bruckner <max@maxbruckner.de>,5,0,5,5,1,,,1.0
cJSON,6d9f2443ab071f86e5d9b43025a40929ec41c46c,all,955,file,examples/example_1/src/ProductionCode.c,ALL,24,0,24,24,1,0.0010471204188481676,0.025130890052356025,
cJSON,6d9f2443ab071f86e5d9b43025a40929ec41c46c,all,955,file,examples/example_1/src/ProductionCode.c,Max Bruckner <max@maxbruckner.de>,24,0,24,24,1,,,1.0
cJSON,6d9f2443ab071f86e5d9b43025a40929ec41c46c,all,955,file,examples/example_1/src/ProductionCode.h,ALL,3,0,3,3,1,0.0010471204188481676,0.003141361256544503,
cJSON,6d9f2443ab071f86e5d9b43025a40929ec41c46c,all,955,file,examples/example_1/src/ProductionCode.h,Max Bruckner <max@maxbruckner.de>,3,0,3,3,1,,,1.0
cJSON,6d9f2443ab071f86e5d9b43025a40929ec41c46c,all,955,file,examples/example_1/src/ProductionCode2.c,ALL,11,0,11,11,1,0.0010471204188481676,0.011518324607329844,
cJSON,6d9f2443ab071f86e5d9b43025a40929ec41c46c,all,955,file,examples/example_1/src/ProductionCode2.c,Max Bruckner <max@maxbruckner.de>,11,0,11,11,1,,,1.0
cJSON,6d9f2443ab071f86e5d9b43025a40929ec41c46c,all,955,file,examples/example_1/src/ProductionCode2.h,ALL,2,0,2,2,1,0.0010471204188481676,0.0020942408376963353,
cJSON,6d9f2443ab071f86e5d9b43025a40929ec41c46c,all,955,file,examples/example_1/src/ProductionCode2.h,Max Bruckner <max@maxbruckner.de>,2,0,2,2,1,,,1.0
cJSON,6d9f2443ab071f86e5d9b43025a40929ec41c46c,all,955,file,examples/example_1/test/TestProductionCode.c,ALL,62,0,62,62,1,0.0010471204188481676,0.06492146596858639,
cJSON,6d9f2443ab071f86e5d9b43025a40929ec41c46c,all,955,file,examples/example_1/test/TestProductionCode.c,Max Bruckner <max@maxbruckner.de>,62,0,62,62,1,,,1.0
cJSON,6d9f2443ab071f86e5d9b43025a40929ec41c46c,all,955,file,examples/example_1/test/TestProductionCode2.c,ALL,31,0,31,31,1,0.0010471204188481676,0.032460732984293195,
cJSON,6d9f2443ab071f86e5d9b43025a40929ec41c46c,all,955,file,examples/example_1/test/TestProductionCode2.c,Max Bruckner <max@maxbruckner.de>,31,0,31,31,1,,,1.0
cJSON,6d9f2443ab071f86e5d9b43025a40929ec41c46c,all,955,file,examples/example_1/test/test_runners/TestProductionCode2_Runner.c,ALL,53,0,53,53,1,0.0010471204188481676,0.05549738219895289,
cJSON,6d9f2443ab071f86e5d9b43025a40929ec41c46c,all,955,file,examples/example_1/test/test_runners/TestProductionCode2_Runner.c,Max Bruckner <max@maxbruckner.de>,53,0,53,53,1,,,1.0
cJSON,6d9f2443ab071f86e5d9b43025a40929ec41c46c,all,955,file,examples/example_1/test/test_runners/TestProductionCode_Runner.c,ALL,57,0,57,57,1,0.0010471204188481676,0.05968586387434555,
cJSON,6d9f2443ab071f86e5d9b43025a40929ec41c46c,all,955,file,examples/example_1/test/test_runners/TestProductionCode_Runner.c,Max Bruckner <max@maxbruckner.de>,57,0,57,57,1,,,1.0
cJSON,6d9f2443ab071f86e5d9b43025a40929ec41c46c,all,955,file,examples/example_2/makefile,ALL,70,0,70,70,1,0.0010471204188481676,0.07329842931937174,
cJSON,6d9f2443ab071f86e5d9b43025a40929ec41c46c,all,955,file,examples/example_2/makefile,Max Bruckner <max@maxbruckner.de>,70,0,70,70,1,,,1.0
cJSON,6d9f2443ab071f86e5d9b43025a40929ec41c46c,all,955,file,examples/example_2/readme.txt,ALL,5,0,5,5,1,0.0010471204188481676,0.005235602094240838,
cJSON,6d9f2443ab071f86e5d9b43025a40929ec41c46c,all,955,file,examples/example_2/readme.txt,Max Bruckner <max@maxbruckner.de>,5,0,5,5,1,,,1.0
cJSON,6d9f2443ab071f86e5d9b43025a40929ec41c46c,all,955,file,examples/example_2/src/ProductionCode.c,ALL,24,0,24,24,1,0.0010471204188481676,0.025130890052356025,
cJSON,6d9f2443ab071f86e5d9b43025a40929ec41c46c,all,955,file,examples/example_2/src/ProductionCode.c,Max Bruckner <max@maxbruckner.de>,24,0,24,24,1,,,1.0
cJSON,6d9f2443ab071f86e5d9b43025a40929ec41c46c,all,955,file,examples/example_2/src/ProductionCode.h,ALL,3,0,3,3,1,0.0010471204188481676,0.003141361256544503,
cJSON,6d9f2443ab071f86e5d9b43025a40929ec41c46c,all,955,file,examples/example_2/src/ProductionCode.h,Max Bruckner <max@maxbruckner.de>,3,0,3,3,1,,,1.0
cJSON,6d9f2443ab071f86e5d9b43025a40929ec41c46c,all,955,file,examples/example_2/src/ProductionCode2.c,ALL,11,0,11,11,1,0.0010471204188481676,0.011518324607329844,
cJSON,6d9f2443ab071f86e5d9b43025a40929ec41c46c,all,955,file,examples/example_2/src/ProductionCode2.c,Max Bruckner <max@maxbruckner.de>,11,0,11,11,1,,,1.0
cJSON,6d9f2443ab071f86e5d9b43025a40929ec41c46c,all,955,file,examples/example_2/src/ProductionCode2.h,ALL,2,0,2,2,1,0.0010471204188481676,0.0020942408376963353,
cJSON,6d9f2443ab071f86e5d9b43025a40929ec41c46c,all,955,file,examples/example_2/src/ProductionCode2.h,Max Bruckner <max@maxbruckner.de>,2,0,2,2,1,,,1.0
cJSON,6d9f2443ab071f86e5d9b43025a40929ec41c46c,all,955,file,examples/example_2/test/TestProductionCode.c,ALL,64,0,64,64,1,0.0010471204188481676,0.06701570680628273,
cJSON,6d9f2443ab071f86e5d9b43025a40929ec41c46c,all,955,file,examples/example_2/test/TestProductionCode.c,Max Bruckner <max@maxbruckner.de>,64,0,64,64,1,,,1.0
cJSON,6d9f2443ab071f86e5d9b43025a40929ec41c46c,all,955,file,examples/example_2/test/TestProductionCode2.c,ALL,33,0,33,33,1,0.0010471204188481676,0.034554973821989535,
cJSON,6d9f2443ab071f86e5d9b43025a40929ec41c46c,all,955,file,examples/example_2/test/TestProductionCode2.c,Max Bruckner <max@maxbruckner.de>,33,0,33,33,1,,,1.0
cJSON,6d9f2443ab071f86e5d9b43025a40929ec41c46c,all,955,file,examples/example_2/test/test_runners/TestProductionCode2_Runner.c,ALL,9,0,9,9,1,0.0010471204188481676,0.00942408376963351,
cJSON,6d9f2443ab071f86e5d9b43025a40929ec41c46c,all,955,file,examples/example_2/test/test_runners/TestProductionCode2_Runner.c,Max Bruckner <max@maxbruckner.de>,9,0,9,9,1,,,1.0
cJSON,6d9f2443ab071f86e5d9b43025a40929ec41c46c,all,955,file,examples/example_2/test/test_runners/TestProductionCode_Runner.c,ALL,11,0,11,11,1,0.0010471204188481676,0.011518324607329844,
cJSON,6d9f2443ab071f86e5d9b43025a40929ec41c46c,all,955,file,examples/example_2/test/test_runners/TestProductionCode_Runner.c,Max Bruckner <max@maxbruckner.de>,11,0,11,11,1,,,1.0
cJSON,6d9f2443ab071f86e5d9b43025a40929ec41c46c,all,955,file,examples/example_2/test/test_runners/all_tests.c,ALL,12,0,12,12,1,0.0010471204188481676,0.012565445026178013,
cJSON,6d9f2443ab071f86e5d9b43025a40929ec41c46c,all,955,file,examples/example_2/test/test_runners/all_tests.c,Max Bruckner <max@maxbruckner.de>,12,0,12,12,1,,,1.0
cJSON,6d9f2443ab071f86e5d9b43025a40929ec41c46c,all,955,file,examples/example_3/helper/UnityHelper.c,ALL,10,0,10,10,1,0.0010471204188481676,0.010471204188481676,
cJSON,6d9f2443ab071f86e5d9b43025a40929ec41c46c,all,955,file,examples/example_3/helper/UnityHelper.c,Max Bruckner <max@maxbruckner.de>,10,0,10,10,1,,,1.0
cJSON,6d9f2443ab071f86e5d9b43025a40929ec41c46c,all,955,file,examples/example_3/helper/UnityHelper.h,ALL,12,0,12,12,1,0.0010471204188481676,0.012565445026178013,
cJSON,6d9f2443ab071f86e5d9b43025a40929ec41c46c,all,955,file,examples/example_3/helper/UnityHelper.h,Max Bruckner <max@maxbruckner.de>,12,0,12,12,1,,,1.0
cJSON,6d9f2443ab071f86e5d9b43025a40929ec41c46c,all,955,file,examples/example_3/rakefile.rb,ALL,58,15,43,73,2,0.0020942408376963353,0.07643979057591624,
cJSON,6d9f2443ab071f86e5d9b43025a40929ec41c46c,all,955,file,examples/example_3/rakefile.rb,Max Bruckner <max@maxbruckner.de>,58,15,43,73,2,,,1.0
cJSON,6d9f2443ab071f86e5d9b43025a40929ec41c46c,all,955,file,examples/example_3/rakefile_helper.rb,ALL,351,102,249,453,2,0.0020942408376963353,0.47434554973821996,
cJSON,6d9f2443ab071f86e5d9b43025a40929ec41c46c,all,955,file,examples/example_3/rakefile_helper.rb,Max Bruckner <max@maxbruckner.de>,351,102,249,453,2,,,1.0
cJSON,6d9f2443ab071f86e5d9b43025a40929ec41c46c,all,955,file,examples/example_3/readme.txt,ALL,13,0,13,13,1,0.0010471204188481676,0.01361256544502618,
cJSON,6d9f2443ab071f86e5d9b43025a40929ec41c46c,all,955,file,examples/example_3/readme.txt,Max Bruckner <max@maxbruckner.de>,13,0,13,13,1,,,1.0
cJSON,6d9f2443ab071f86e5d9b43025a40929ec41c46c,all,955,file,examples/example_3/src/ProductionCode.c,ALL,24,0,24,24,1,0.0010471204188481676,0.025130890052356025,
cJSON,6d9f2443ab071f86e5d9b43025a40929ec41c46c,all,955,file,examples/example_3/src/ProductionCode.c,Max Bruckner <max@maxbruckner.de>,24,0,24,24,1,,,1.0
cJSON,6d9f2443ab071f86e5d9b43025a40929ec41c46c,all,955,file,examples/example_3/src/ProductionCode.h,ALL,3,0,3,3,1,0.0010471204188481676,0.003141361256544503,
cJSON,6d9f2443ab071f86e5d9b43025a40929ec41c46c,all,955,file,examples/example_3/src/ProductionCode.h,Max Bruckner <max@maxbruckner.de>,3,0,3,3,1,,,1.0
cJSON,6d9f2443ab071f86e5d9b43025a40929ec41c46c,all,955,file,examples/example_3/src/ProductionCode2.c,ALL,11,0,11,11,1,0.0010471204188481676,0.011518324607329844,
cJSON,6d9f2443ab071f86e5d9b43025a40929ec41c46c,all,955,file,examples/example_3/src/ProductionCode2.c,Max Bruckner <max@maxbruckner.de>,11,0,11,11,1,,,1.0
cJSON,6d9f2443ab071f86e5d9b43025a40929ec41c46c,all,955,file,examples/example_3/src/ProductionCode2.h,ALL,2,0,2,2,1,0.0010471204188481676,0.0020942408376963353,
cJSON,6d9f2443ab071f86e5d9b43025a40929ec41c46c,all,955,file,examples/example_3/src/ProductionCode2.h,Max Bruckner <max@maxbruckner.de>,2,0,2,2,1,,,1.0
cJSON,6d9f2443ab071f86e5d9b43025a40929ec41c46c,all,955,file,examples/example_3/target_gcc_32.yml,ALL,46,0,46,46,1,0.0010471204188481676,0.04816753926701571,
cJSON,6d9f2443ab071f86e5d9b43025a40929ec41c46c,all,955,file,examples/example_3/target_gcc_32.yml,Max Bruckner <max@maxbruckner.de>,46,0,46,46,1,,,1.0
cJSON,6d9f2443ab071f86e5d9b43025a40929ec41c46c,all,955,file,examples/example_3/test/TestProductionCode.c,ALL,62,0,62,62,1,0.0010471204188481676,0.06492146596858639,
cJSON,6d9f2443ab071f86e5d9b43025a40929ec41c46c,all,955,file,examples/example_3/test/TestProductionCode.c,Max Bruckner <max@maxbruckner.de>,62,0,62,62,1,,,1.0
cJSON,6d9f2443ab071f86e5d9b43025a40929ec41c46c,all,955,file,examples/example_3/test/TestProductionCode2.c,ALL,31,0,31,31,1,0.0010471204188481676,0.032460732984293195,
cJSON,6d9f2443ab071f86e5d9b43025a40929ec41c46c,all,955,file,examples/example_3/test/TestProductionCode2.c,Max Bruckner <max@maxbruckner.de>,31,0,31,31,1,,,1.0
cJSON,6d9f2443ab071f86e5d9b43025a40929ec41c46c,all,955,file,examples/unity_config.h,ALL,243,4,239,247,2,0.0020942408376963353,0.2586387434554974,
cJSON,6d9f2443ab071f86e5d9b43025a40929ec41c46c,all,955,file,examples/unity_config.h,Max Bruckner <max@maxbruckner.de>,243,4,239,247,2,,,1.0
cJSON,6d9f2443ab071f86e5d9b43025a40929ec41c46c,all,955,file,extras/eclipse/error_parsers.txt,ALL,26,0,26,26,1,0.0010471204188481676,0.02722513089005236,
cJSON,6d9f2443ab071f86e5d9b43025a40929ec41c46c,all,955,file,extras/eclipse/error_parsers.txt,Max Bruckner <max@maxbruckner.de>,26,0,26,26,1,,,1.0
cJSON,6d9f2443ab071f86e5d9b43025a40929ec41c46c,all,955,file,extras/fixture/rakefile.rb,ALL,60,12,48,72,2,0.0020942408376963353,0.07539267015706808,
cJSON,6d9f2443ab071f86e5d9b43025a40929ec41c46c,all,955,file,extras/fixture/rakefile.rb,Max Bruckner <max@maxbruckner.de>,60,12,48,72,2,,,1.0
cJSON,6d9f2443ab071f86e5d9b43025a40929ec41c46c,all,955,file,extras/fixture/rakefile_helper.rb,ALL,267,89,178,356,3,0.003141361256544503,0.37277486910994767,
cJSON,6d9f2443ab071f86e5d9b43025a40929ec41c46c,all,955,file,extras/fixture/rakefile_helper.rb,Max Bruckner <max@maxbruckner.de>,267,89,178,356,3,,,1.0
cJSON,6d9f2443ab071f86e5d9b43025a40929ec41c46c,all,955,file,extras/fixture/readme.txt,ALL,9,0,9,9,1,0.0010471204188481676,0.00942408376963351,
cJSON,6d9f2443ab071f86e5d9b43025a40929ec41c46c,all,955,file,extras/fixture/readme.txt,Max Bruckner <max@maxbruckner.de>,9,0,9,9,1,,,1.0
cJSON,6d9f2443ab071f86e5d9b43025a40929ec41c46c,all,955,file,extras/fixture/src/unity_fixture.c,ALL,432,0,432,432,1,0.0010471204188481676,0.4523560209424084,
cJSON,6d9f2443ab071f86e5d9b43025a40929ec41c46c,all,955,file,extras/fixture/src/unity_fixture.c,Max Bruckner <max@maxbruckner.de>,432,0,432,432,1,,,1.0
cJSON,6d9f2443ab071f86e5d9b43025a40929ec41c46c,all,955,file,extras/fixture/src/unity_fixture.h,ALL,83,0,83,83,1,0.0010471204188481676,0.08691099476439791,
cJSON,6d9f2443ab071f86e5d9b43025a40929ec41c46c,all,955,file,extras/fixture/src/unity_fixture.h,Max Bruckner <max@maxbruckner.de>,83,0,83,83,1,,,1.0
cJSON,6d9f2443ab071f86e5d9b43025a40929ec41c46c,all,955,file,extras/fixture/src/unity_fixture_internals.h,ALL,51,0,51,51,1,0.0010471204188481676,0.05340314136125655,
cJSON,6d9f2443ab071f86e5d9b43025a40929ec41c46c,all,955,file,extras/fixture/src/unity_fixture_internals.h,Max Bruckner <max@maxbruckner.de>,51,0,51,51,1,,,1.0
cJSON,6d9f2443ab071f86e5d9b43025a40929ec41c46c,all,955,file,extras/fixture/src/unity_fixture_malloc_overrides.h,ALL,47,0,47,47,2,0.0020942408376963353,0.04921465968586388,
cJSON,6d9f2443ab071f86e5d9b43025a40929ec41c46c,all,955,file,extras/fixture/src/unity_fixture_malloc_overrides.h,Max Bruckner <max@maxbruckner.de>,47,0,47,47,2,,,1.0
cJSON,6d9f2443ab071f86e5d9b43025a40929ec41c46c,all,955,file,extras/fixture/test/Makefile,ALL,75,0,75,75,2,0.0020942408376963353,0.07853403141361258,
cJSON,6d9f2443ab071f86e5d9b43025a40929ec41c46c,all,955,file,extras/fixture/test/Makefile,Max Bruckner <max@maxbruckner.de>,75,0,75,75,2,,,1.0
cJSON,6d9f2443ab071f86e5d9b43025a40929ec41c46c,all,955,file,extras/fixture/test/main/AllTests.c,ALL,22,0,22,22,1,0.0010471204188481676,0.02303664921465969,
cJSON,6d9f2443ab071f86e5d9b43025a40929ec41c46c,all,955,file,extras/fixture/test/main/AllTests.c,Max Bruckner <max@maxbruckner.de>,22,0,22,22,1,,,1.0
cJSON,6d9f2443ab071f86e5d9b43025a40929ec41c46c,all,955,file,extras/fixture/test/template_fixture_tests.c,ALL,39,0,39,39,1,0.0010471204188481676,0.04083769633507854,
cJSON,6d9f2443ab071f86e5d9b43025a40929ec41c46c,all,955,file,extras/fixture/test/template_fixture_tests.c,Max Bruckner <max@maxbruckner.de>,39,0,39,39,1,,,1.0
cJSON,6d9f2443ab071f86e5d9b43025a40929ec41c46c,all,955,file,extras/fixture/test/unity_fixture_Test.c,ALL,543,0,543,543,1,0.0010471204188481676,0.568586387434555,
cJSON,6d9f2443ab071f86e5d9b43025a40929ec41c46c,all,955,file,extras/fixture/test/unity_fixture_Test.c,Max Bruckner <max@maxbruckner.de>,543,0,543,543,1,,,1.0
cJSON,6d9f2443ab071f86e5d9b43025a40929ec41c46c,all,955,file,extras/fixture/test/unity_fixture_TestRunner.c,ALL,57,0,57,57,1,0.0010471204188481676,0.05968586387434555,
cJSON,6d9f2443ab071f86e5d9b43025a40929ec41c46c,all,955,file,extras/fixture/test/unity_fixture_TestRunner.c,Max Bruckner <max@maxbruckner.de>,57,0,57,57,1,,,1.0
cJSON,6d9f2443ab071f86e5d9b43025a40929ec41c46c,all,955,file,extras/fixture/test/unity_output_Spy.c,ALL,57,0,57,57,1,0.0010471204188481676,0.05968586387434555,
cJSON,6d9f2443ab071f86e5d9b43025a40929ec41c46c,all,955,file,extras/fixture/test/unity_output_Spy.c,Max Bruckner <max@maxbruckner.de>,57,0,57,57,1,,,1.0
cJSON,6d9f2443ab071f86e5d9b43025a40929ec41c46c,all,955,file,extras/fixture/test/unity_output_Spy.h,ALL,17,0,17,17,1,0.0010471204188481676,0.01780104712041885,
cJSON,6d9f2443ab071f86e5d9b43025a40929ec41c46c,all,955,file,extras/fixture/test/unity_output_Spy.h,Max Bruckner <max@maxbruckner.de>,17,0,17,17,1,,,1.0
cJSON,6d9f2443ab071f86e5d9b43025a40929ec41c46c,all,955,file,fuzzing/.gitignore,ALL,1,0,1,1,1,0.0010471204188481676,0.0010471204188481676,
cJSON,6d9f2443ab071f86e5d9b43025a40929ec41c46c,all,955,file,fuzzing/.gitignore,Max Bruckner <max@maxbruckner.de>,1,0,1,1,1,,,1.0
cJSON,6d9f2443ab071f86e5d9b43025a40929ec41c46c,all,955,file,fuzzing/CMakeLists.txt,ALL,38,4,34,42,6,0.006282722513089006,0.043979057591623044,
cJSON,6d9f2443ab071f86e5d9b43025a40929ec41c46c,all,955,file,fuzzing/CMakeLists.txt,Max Bruckner <max@maxbruckner.de>,30,2,28,32,3,,,0.7619047619047619
cJSON,6d9f2443ab071f86e5d9b43025a40929ec41c46c,all,955,file,fuzzing/CMakeLists.txt,Randy <randy408@protonmail.com>,5,0,5,5,1,,,0.11904761904761904
cJSON,6d9f2443ab071f86e5d9b43025a40929ec41c46c,all,955,file,fuzzing/CMakeLists.txt,Alanscut <wp_scut@163.com>,2,1,1,3,1,,,0.07142857142857142
cJSON,6d9f2443ab071f86e5d9b43025a40929ec41c46c,all,955,file,fuzzing/CMakeLists.txt,randy408 <randy408@protonmail.com>,1,1,0,2,1,,,0.047619047619047616
cJSON,6d9f2443ab071f86e5d9b43025a40929ec41c46c,all,955,file,fuzzing/afl-prepare-linux.sh,ALL,5,0,5,5,1,0.0010471204188481676,0.005235602094240838,
cJSON,6d9f2443ab071f86e5d9b43025a40929ec41c46c,all,955,file,fuzzing/afl-prepare-linux.sh,Max Bruckner <max@maxbruckner.de>,5,0,5,5,1,,,1.0
cJSON,6d9f2443ab071f86e5d9b43025a40929ec41c46c,all,955,file,fuzzing/afl.c,ALL,186,10,176,196,6,0.006282722513089006,0.20523560209424085,
cJSON,6d9f2443ab071f86e5d9b43025a40929ec41c46c,all,955,file,fuzzing/afl.c,Max Bruckner <max@maxbruckner.de>,186,10,176,196,6,,,1.0
cJSON,6d9f2443ab071f86e5d9b43025a40929ec41c46c,all,955,file,fuzzing/afl.sh,ALL,10,1,9,11,2,0.0020942408376963353,0.011518324607329844,
cJSON,6d9f2443ab071f86e5d9b43025a40929ec41c46c,all,955,file,fuzzing/afl.sh,Max Bruckner <max@maxbruckner.de>,10,1,9,11,2,,,1.0
cJSON,6d9f2443ab071f86e5d9b43025a40929ec41c46c,all,955,file,fuzzing/cjson_read_fuzzer.c,ALL,22,17,5,39,3,0.003141361256544503,0.04083769633507854,
cJSON,6d9f2443ab071f86e5d9b43025a40929ec41c46c,all,955,file,fuzzing/cjson_read_fuzzer.c,randy408 <randy408@protonmail.com>,12,16,-4,28,1,,,0.717948717948718
cJSON,6d9f2443ab071f86e5d9b43025a40929ec41c46c,all,955,file,fuzzing/cjson_read_fuzzer.c,Randy <randy408@protonmail.com>,8,0,8,8,1,,,0.20512820512820512
cJSON,6d9f2443ab071f86e5d9b43025a40929ec41c46c,all,955,file,fuzzing/cjson_read_fuzzer.c,Alanscut <wp_scut@163.com>,2,1,1,3,1,,,0.07692307692307693
cJSON,6d9f2443ab071f86e5d9b43025a40929ec41c46c,all,955,file,fuzzing/cjson_read_fuzzer.cc,ALL,100,28,72,128,5,0.005235602094240838,0.13403141361256546,
cJSON,6d9f2443ab071f86e5d9b43025a40929ec41c46c,all,955,file,fuzzing/cjson_read_fuzzer.cc,Randy <randy408@protonmail.com>,100,28,72,128,5,,,1.0
cJSON,6d9f2443ab071f86e5d9b43025a40929ec41c46c,all,955,file,fuzzing/fuzz_main.c,ALL,57,3,54,60,2,0.0020942408376963353,0.06282722513089006,
cJSON,6d9f2443ab071f86e5d9b43025a40929ec41c46c,all,955,file,fuzzing/fuzz_main.c,Randy <randy408@protonmail.com>,56,0,56,56,1,,,0.9333333333333333
cJSON,6d9f2443ab071f86e5d9b43025a40929ec41c46c,all,955,file,fuzzing/fuzz_main.c,randy408 <randy408@protonmail.com>,1,3,-2,4,1,,,0.06666666666666667
cJSON,6d9f2443ab071f86e5d9b43025a40929ec41c46c,all,955,file,fuzzing/inputs/test1,ALL,23,1,22,24,2,0.0020942408376963353,0.025130890052356025,
cJSON,6d9f2443ab071f86e5d9b43025a40929ec41c46c,all,955,file,fuzzing/inputs/test1,Max Bruckner <max@maxbruckner.de>,23,1,22,24,2,,,1.0
cJSON,6d9f2443ab071f86e5d9b43025a40929ec41c46c,all,955,file,fuzzing/inputs/test10,ALL,2,1,1,3,2,0.0020942408376963353,0.003141361256544503,
cJSON,6d9f2443ab071f86e5d9b43025a40929ec41c46c,all,955,file,fuzzing/inputs/test10,Max Bruckner <max@maxbruckner.de>,2,1,1,3,2,,,1.0
cJSON,6d9f2443ab071f86e5d9b43025a40929ec41c46c,all,955,file,fuzzing/inputs/test11,ALL,13,5,8,18,3,0.003141361256544503,0.01884816753926702,
cJSON,6d9f2443ab071f86e5d9b43025a40929ec41c46c,all,955,file,fuzzing/inputs/test11,Max Bruckner <max@maxbruckner.de>,9,1,8,10,2,,,0.5555555555555556
cJSON,6d9f2443ab071f86e5d9b43025a40929ec41c46c,all,955,file,fuzzing/inputs/test11,yangfl <yangfl@users.noreply.github.com>,4,4,0,8,1,,,0.4444444444444444
cJSON,6d9f2443ab071f86e5d9b43025a40929ec41c46c,all,955,file,fuzzing/inputs/test2,ALL,12,1,11,13,2,0.0020942408376963353,0.01361256544502618,
cJSON,6d9f2443ab071f86e5d9b43025a40929ec41c46c,all,955,file,fuzzing/inputs/test2,Max Bruckner <max@maxbruckner.de>,12,1,11,13,2,,,1.0
cJSON,6d9f2443ab071f86e5d9b43025a40929ec41c46c,all,955,file,fuzzing/inputs/test3,ALL,30,4,26,34,3,0.003141361256544503,0.0356020942408377,
cJSON,6d9f2443ab071f86e5d9b43025a40929ec41c46c,all,955,file,fuzzing/inputs/test3,Max Bruckner <max@maxbruckner.de>,28,2,26,30,2,,,0.8823529411764706
cJSON,6d9f2443ab071f86e5d9b43025a40929ec41c46c,all,955,file,fuzzing/inputs/test3,yangfl <yangfl@users.noreply.github.com>,2,2,0,4,1,,,0.11764705882352941
cJSON,6d9f2443ab071f86e5d9b43025a40929ec41c46c,all,955,file,fuzzing/inputs/test3.bu,ALL,28,2,26,30,2,0.0020942408376963353,0.03141361256544503,
cJSON,6d9f2443ab071f86e5d9b43025a40929ec41c46c,all,955,file,fuzzing/inputs/test3.bu,Max Bruckner <max@maxbruckner.de>,26,0,26,26,1,,,0.8666666666666667
cJSON,6d9f2443ab071f86e5d9b43025a40929ec41c46c,all,955,file,fuzzing/inputs/test3.bu,yangfl <yangfl@users.noreply.github.com>,2,2,0,4,1,,,0.13333333333333333
cJSON,6d9f2443ab071f86e5d9b43025a40929ec41c46c,all,955,file,fuzzing/inputs/test3.uf,ALL,28,2,26,30,2,0.0020942408376963353,0.03141361256544503,
cJSON,6d9f2443ab071f86e5d9b43025a40929ec41c46c,all,955,file,fuzzing/inputs/test3.uf,Max Bruckner <max@maxbruckner.de>,26,0,26,26,1,,,0.8666666666666667
cJSON,6d9f2443ab071f86e5d9b43025a40929ec41c46c,all,955,file,fuzzing/inputs/test3.uf,yangfl <yangfl@users.noreply.github.com>,2,2,0,4,1,,,0.13333333333333333
cJSON,6d9f2443ab071f86e5d9b43025a40929ec41c46c,all,955,file,fuzzing/inputs/test3.uu,ALL,28,2,26,30,2,0.0020942408376963353,0.03141361256544503,
cJSON,6d9f2443ab071f86e5d9b43025a40929ec41c46c,all,955,file,fuzzing/inputs/test3.uu,Max Bruckner <max@maxbruckner.de>,26,0,26,26,1,,,0.8666666666666667
cJSON,6d9f2443ab071f86e5d9b43025a40929ec41c46c,all,955,file,fuzzing/inputs/test3.uu,yangfl <yangfl@users.noreply.github.com>,2,2,0,4,1,,,0.13333333333333333
cJSON,6d9f2443ab071f86e5d9b43025a40929ec41c46c,all,955,file,fuzzing/inputs/test4,ALL,93,5,88,98,3,0.003141361256544503,0.10261780104712043,
cJSON,6d9f2443ab071f86e5d9b43025a40929ec41c46c,all,955,file,fuzzing/inputs/test4,Max Bruckner <max@maxbruckner.de>,90,2,88,92,2,,,0.9387755102040817
cJSON,6d9f2443ab071f86e5d9b43025a40929ec41c46c,all,955,file,fuzzing/inputs/test4,yangfl <yangfl@users.noreply.github.com>,3,3,0,6,1,,,0.061224489795918366
cJSON,6d9f2443ab071f86e5d9b43025a40929ec41c46c,all,955,file,fuzzing/inputs/test5,ALL,28,1,27,29,2,0.0020942408376963353,0.03036649214659686,
cJSON,6d9f2443ab071f86e5d9b43025a40929ec41c46c,all,955,file,fuzzing/inputs/test5,Max Bruckner <max@maxbruckner.de>,28,1,27,29,2,,,1.0
cJSON,6d9f2443ab071f86e5d9b43025a40929ec41c46c,all,955,file,fuzzing/inputs/test6,ALL,18,2,16,20,2,0.0020942408376963353,0.020942408376963352,
cJSON,6d9f2443ab071f86e5d9b43025a40929ec41c46c,all,955,file,fuzzing/inputs/test6,Max Bruckner <max@maxbruckner.de>,18,2,16,20,2,,,1.0
cJSON,6d9f2443ab071f86e5d9b43025a40929ec41c46c,all,955,file,fuzzing/inputs/test7,ALL,23,1,22,24,2,0.0020942408376963353,0.025130890052356025,
cJSON,6d9f2443ab071f86e5d9b43025a40929ec41c46c,all,955,file,fuzzing/inputs/test7,Max Bruckner <max@maxbruckner.de>,23,1,22,24,2,,,1.0
cJSON,6d9f2443ab071f86e5d9b43025a40929ec41c46c,all,955,file,fuzzing/inputs/test8,ALL,14,1,13,15,2,0.0020942408376963353,0.015706806282722516,
cJSON,6d9f2443ab071f86e5d9b43025a40929ec41c46c,all,955,file,fuzzing/inputs/test8,Max Bruckner <max@maxbruckner.de>,14,1,13,15,2,,,1.0
cJSON,6d9f2443ab071f86e5d9b43025a40929ec41c46c,all,955,file,fuzzing/inputs/test9,ALL,6,1,5,7,2,0.0020942408376963353,0.007329842931937174,
cJSON,6d9f2443ab071f86e5d9b43025a40929ec41c46c,all,955,file,fuzzing/inputs/test9,Max Bruckner <max@maxbruckner.de>,6,1,5,7,2,,,1.0
cJSON,6d9f2443ab071f86e5d9b43025a40929ec41c46c,all,955,file,fuzzing/json.dict,ALL,49,2,47,51,2,0.0020942408376963353,0.05340314136125655,
cJSON,6d9f2443ab071f86e5d9b43025a40929ec41c46c,all,955,file,fuzzing/json.dict,Max Bruckner <max@maxbruckner.de>,47,0,47,47,1,,,0.9215686274509803
cJSON,6d9f2443ab071f86e5d9b43025a40929ec41c46c,all,955,file,fuzzing/json.dict,Jakub Wilk <jwilk@jwilk.net>,2,2,0,4,1,,,0.0784313725490196
cJSON,6d9f2443ab071f86e5d9b43025a40929ec41c46c,all,955,file,fuzzing/ossfuzz.sh,ALL,22,4,18,26,3,0.003141361256544503,0.02722513089005236,
cJSON,6d9f2443ab071f86e5d9b43025a40929ec41c46c,all,955,file,fuzzing/ossfuzz.sh,randy408 <randy408@protonmail.com>,21,2,19,23,2,,,0.8846153846153846
cJSON,6d9f2443ab071f86e5d9b43025a40929ec41c46c,all,955,file,fuzzing/ossfuzz.sh,Randy <randy408@protonmail.com>,1,2,-1,3,1,,,0.11538461538461539
cJSON,6d9f2443ab071f86e5d9b43025a40929ec41c46c,all,955,file,libcjson.pc.in,ALL,18,7,11,25,4,0.004188481675392671,0.026178010471204192,
cJSON,6d9f2443ab071f86e5d9b43025a40929ec41c46c,all,955,file,libcjson.pc.in,Max Bruckner <max@maxbruckner.de>,9,7,2,16,3,,,0.64
cJSON,6d9f2443ab071f86e5d9b43025a40929ec41c46c,all,955,file,libcjson.pc.in,Paulo Antonio Alvarez <pauloaalvarez@gmail.com>,9,0,9,9,1,,,0.36
cJSON,6d9f2443ab071f86e5d9b43025a40929ec41c46c,all,955,file,libcjson_utils.pc.in,ALL,15,4,11,19,3,0.003141361256544503,0.019895287958115185,
cJSON,6d9f2443ab071f86e5d9b43025a40929ec41c46c,all,955,file,libcjson_utils.pc.in,Max Bruckner <max@maxbruckner.de>,15,4,11,19,3,,,1.0
cJSON,6d9f2443ab071f86e5d9b43025a40929ec41c46c,all,955,file,library_config/cJSONConfig.cmake.in,ALL,2,2,0,4,1,0.0010471204188481676,0.004188481675392671,
cJSON,6d9f2443ab071f86e5d9b43025a40929ec41c46c,all,955,file,library_config/cJSONConfig.cmake.in,Max Bruckner <max@maxbruckner.de>,2,2,0,4,1,,,1.0
cJSON,6d9f2443ab071f86e5d9b43025a40929ec41c46c,all,955,file,library_config/cJSONConfigVersion.cmake.in,ALL,0,0,0,0,0,0.0,0.0,
cJSON,6d9f2443ab071f86e5d9b43025a40929ec41c46c,all,955,file,library_config/libcjson.pc.in,ALL,5,6,-1,11,3,0.003141361256544503,0.011518324607329844,
cJSON,6d9f2443ab071f86e5d9b43025a40929ec41c46c,all,955,file,library_config/libcjson.pc.in,Max Bruckner <max@maxbruckner.de>,4,5,-1,9,2,,,0.8181818181818182
cJSON,6d9f2443ab071f86e5d9b43025a40929ec41c46c,all,955,file,library_config/libcjson.pc.in,Moorthy <36617743+moorthy-bs@users.noreply.github.com>,1,1,0,2,1,,,0.18181818181818182
cJSON,6d9f2443ab071f86e5d9b43025a40929ec41c46c,all,955,file,library_config/libcjson_utils.pc.in,ALL,4,5,-1,9,2,0.0020942408376963353,0.00942408376963351,
cJSON,6d9f2443ab071f86e5d9b43025a40929ec41c46c,all,955,file,library_config/libcjson_utils.pc.in,Max Bruckner <max@maxbruckner.de>,3,4,-1,7,1,,,0.7777777777777778
cJSON,6d9f2443ab071f86e5d9b43025a40929ec41c46c,all,955,file,library_config/libcjson_utils.pc.in,Moorthy <36617743+moorthy-bs@users.noreply.github.com>,1,1,0,2,1,,,0.2222222222222222
cJSON,6d9f2443ab071f86e5d9b43025a40929ec41c46c,all,955,file,library_config/uninstall.cmake,ALL,28,1,27,29,2,0.0020942408376963353,0.03036649214659686,
cJSON,6d9f2443ab071f86e5d9b43025a40929ec41c46c,all,955,file,library_config/uninstall.cmake,Alanscut <wp_scut@163.com>,27,0,27,27,1,,,0.9310344827586207
cJSON,6d9f2443ab071f86e5d9b43025a40929ec41c46c,all,955,file,library_config/uninstall.cmake,Lee <peteralfredlee@gmail.com>,1,1,0,2,1,,,0.06896551724137931
cJSON,6d9f2443ab071f86e5d9b43025a40929ec41c46c,all,955,file,package.json,ALL,15,0,15,15,1,0.0010471204188481676,0.015706806282722516,
cJSON,6d9f2443ab071f86e5d9b43025a40929ec41c46c,all,955,file,package.json,Max Bruckner <max@maxbruckner.de>,15,0,15,15,1,,,1.0
cJSON,6d9f2443ab071f86e5d9b43025a40929ec41c46c,all,955,file,release/build.info,ALL,4,2,2,6,3,0.003141361256544503,0.006282722513089006,
cJSON,6d9f2443ab071f86e5d9b43025a40929ec41c46c,all,955,file,release/build.info,Max Bruckner <max@maxbruckner.de>,4,2,2,6,3,,,1.0
cJSON,6d9f2443ab071f86e5d9b43025a40929ec41c46c,all,955,file,release/version.info,ALL,5,3,2,8,4,0.004188481675392671,0.008376963350785341,
cJSON,6d9f2443ab071f86e5d9b43025a40929ec41c46c,all,955,file,release/version.info,Max Bruckner <max@maxbruckner.de>,5,3,2,8,4,,,1.0
cJSON,6d9f2443ab071f86e5d9b43025a40929ec41c46c,all,955,file,spec_tests.json,ALL,233,0,233,233,1,0.0010471204188481676,0.24397905759162306,
cJSON,6d9f2443ab071f86e5d9b43025a40929ec41c46c,all,955,file,spec_tests.json,Max Bruckner <max@maxbruckner.de>,233,0,233,233,1,,,1.0
cJSON,6d9f2443ab071f86e5d9b43025a40929ec41c46c,all,955,file,src/unity.c,ALL,1722,152,1570,1874,5,0.005235602094240838,1.9623036649214662,
cJSON,6d9f2443ab071f86e5d9b43025a40929ec41c46c,all,955,file,src/unity.c,Max Bruckner <max@maxbruckner.de>,1722,152,1570,1874,5,,,1.0
cJSON,6d9f2443ab071f86e5d9b43025a40929ec41c46c,all,955,file,src/unity.h,ALL,510,7,503,517,4,0.004188481675392671,0.5413612565445026,
cJSON,6d9f2443ab071f86e5d9b43025a40929ec41c46c,all,955,file,src/unity.h,Max Bruckner <max@maxbruckner.de>,510,7,503,517,4,,,1.0
cJSON,6d9f2443ab071f86e5d9b43025a40929ec41c46c,all,955,file,src/unity_internals.h,ALL,952,80,872,1032,5,0.005235602094240838,1.080628272251309,
cJSON,6d9f2443ab071f86e5d9b43025a40929ec41c46c,all,955,file,src/unity_internals.h,Max Bruckner <max@maxbruckner.de>,952,80,872,1032,5,,,1.0
cJSON,6d9f2443ab071f86e5d9b43025a40929ec41c46c,all,955,file,test.c,ALL,865,441,424,1306,36,0.03769633507853404,1.367539267015707,
cJSON,6d9f2443ab071f86e5d9b43025a40929ec41c46c,all,955,file,test.c,Max Bruckner <max@maxbruckner.de>,310,288,22,598,15,,,0.45788667687595713
cJSON,6d9f2443ab071f86e5d9b43025a40929ec41c46c,all,955,file,test.c,Dave Gamble <davegamble@gmail.com>,224,62,162,286,9,,,0.21898928024502298
cJSON,6d9f2443ab071f86e5d9b43025a40929ec41c46c,all,955,file,test.c,Kyle Chisholm <dev@kylechisholm.ca>,127,68,59,195,3,,,0.14931087289433384
cJSON,6d9f2443ab071f86e5d9b43025a40929ec41c46c,all,955,file,test.c,Kevin Branigan <kbranigan@gmail.com>,158,2,156,160,2,,,0.1225114854517611
cJSON,6d9f2443ab071f86e5d9b43025a40929ec41c46c,all,955,file,test.c,Irwan Djajadi <irwan.djajadi@ni.com>,16,15,1,31,1,,,0.023736600306278714
cJSON,6d9f2443ab071f86e5d9b43025a40929ec41c46c,all,955,file,test.c,Christian Schulze <christian.schulze@mni.thm.de>,19,0,19,19,1,,,0.01454823889739663
cJSON,6d9f2443ab071f86e5d9b43025a40929ec41c46c,all,955,file,test.c,Stephan Gatzka <stephan.gatzka@gmail.com>,6,4,2,10,2,,,0.007656967840735069
cJSON,6d9f2443ab071f86e5d9b43025a40929ec41c46c,all,955,file,test.c,Linus Wallgren <linus.wallgren@scypho.com>,3,0,3,3,1,,,0.002297090352220521
cJSON,6d9f2443ab071f86e5d9b43025a40929ec41c46c,all,955,file,test.c,DongwenHuang <huangdongwen789@gmail.com>,1,1,0,2,1,,,0.0015313935681470138
cJSON,6d9f2443ab071f86e5d9b43025a40929ec41c46c,all,955,file,test.c,Zach Hindes <zach@dowhatnow.net>,1,1,0,2,1,,,0.0015313935681470138
cJSON,6d9f2443ab071f86e5d9b43025a40929ec41c46c,all,955,file,test/.rubocop.yml,ALL,58,0,58,58,1,0.0010471204188481676,0.06073298429319372,
cJSON,6d9f2443ab071f86e5d9b43025a40929ec41c46c,all,955,file,test/.rubocop.yml,Max Bruckner <max@maxbruckner.de>,58,0,58,58,1,,,1.0
cJSON,6d9f2443ab071f86e5d9b43025a40929ec41c46c,all,955,file,test/Makefile,ALL,67,1,66,68,3,0.003141361256544503,0.0712041884816754,
cJSON,6d9f2443ab071f86e5d9b43025a40929ec41c46c,all,955,file,test/Makefile,Max Bruckner <max@maxbruckner.de>,67,1,66,68,3,,,1.0
cJSON,6d9f2443ab071f86e5d9b43025a40929ec41c46c,all,955,file,test/expectdata/testsample_cmd.c,ALL,61,0,61,61,1,0.0010471204188481676,0.06387434554973823,
cJSON,6d9f2443ab071f86e5d9b43025a40929ec41c46c,all,955,file,test/expectdata/testsample_cmd.c,Max Bruckner <max@maxbruckner.de>,61,0,61,61,1,,,1.0
cJSON,6d9f2443ab071f86e5d9b43025a40929ec41c46c,all,955,file,test/expectdata/testsample_def.c,ALL,57,0,57,57,1,0.0010471204188481676,0.05968586387434555,
cJSON,6d9f2443ab071f86e5d9b43025a40929ec41c46c,all,955,file,test/expectdata/testsample_def.c,Max Bruckner <max@maxbruckner.de>,57,0,57,57,1,,,1.0
cJSON,6d9f2443ab071f86e5d9b43025a40929ec41c46c,all,955,file,test/expectdata/testsample_head1.c,ALL,55,0,55,55,1,0.0010471204188481676,0.05759162303664922,
cJSON,6d9f2443ab071f86e5d9b43025a40929ec41c46c,all,955,file,test/expectdata/testsample_head1.c,Max Bruckner <max@maxbruckner.de>,55,0,55,55,1,,,1.0
cJSON,6d9f2443ab071f86e5d9b43025a40929ec41c46c,all,955,file,test/expectdata/testsample_head1.h,ALL,15,0,15,15,1,0.0010471204188481676,0.015706806282722516,
cJSON,6d9f2443ab071f86e5d9b43025a40929ec41c46c,all,955,file,test/expectdata/testsample_head1.h,Max Bruckner <max@maxbruckner.de>,15,0,15,15,1,,,1.0
cJSON,6d9f2443ab071f86e5d9b43025a40929ec41c46c,all,955,file,test/expectdata/testsample_mock_cmd.c,ALL,80,0,80,80,1,0.0010471204188481676,0.08376963350785341,
cJSON,6d9f2443ab071f86e5d9b43025a40929ec41c46c,all,955,file,test/expectdata/testsample_mock_cmd.c,Max Bruckner <max@maxbruckner.de>,80,0,80,80,1,,,1.0
cJSON,6d9f2443ab071f86e5d9b43025a40929ec41c46c,all,955,file,test/expectdata/testsample_mock_def.c,ALL,76,0,76,76,1,0.0010471204188481676,0.07958115183246074,
cJSON,6d9f2443ab071f86e5d9b43025a40929ec41c46c,all,955,file,test/expectdata/testsample_mock_def.c,Max Bruckner <max@maxbruckner.de>,76,0,76,76,1,,,1.0
cJSON,6d9f2443ab071f86e5d9b43025a40929ec41c46c,all,955,file,test/expectdata/testsample_mock_head1.c,ALL,75,0,75,75,1,0.0010471204188481676,0.07853403141361258,
cJSON,6d9f2443ab071f86e5d9b43025a40929ec41c46c,all,955,file,test/expectdata/testsample_mock_head1.c,Max Bruckner <max@maxbruckner.de>,75,0,75,75,1,,,1.0
cJSON,6d9f2443ab071f86e5d9b43025a40929ec41c46c,all,955,file,test/expectdata/testsample_mock_head1.h,ALL,13,0,13,13,1,0.0010471204188481676,0.01361256544502618,
cJSON,6d9f2443ab071f86e5d9b43025a40929ec41c46c,all,955,file,test/expectdata/testsample_mock_head1.h,Max Bruckner <max@maxbruckner.de>,13,0,13,13,1,,,1.0
cJSON,6d9f2443ab071f86e5d9b43025a40929ec41c46c,all,955,file,test/expectdata/testsample_mock_new1.c,ALL,89,0,89,89,1,0.0010471204188481676,0.09319371727748692,
cJSON,6d9f2443ab071f86e5d9b43025a40929ec41c46c,all,955,file,test/expectdata/testsample_mock_new1.c,Max Bruckner <max@maxbruckner.de>,89,0,89,89,1,,,1.0
cJSON,6d9f2443ab071f86e5d9b43025a40929ec41c46c,all,955,file,test/expectdata/testsample_mock_new2.c,ALL,89,0,89,89,1,0.0010471204188481676,0.09319371727748692,
cJSON,6d9f2443ab071f86e5d9b43025a40929ec41c46c,all,955,file,test/expectdata/testsample_mock_new2.c,Max Bruckner <max@maxbruckner.de>,89,0,89,89,1,,,1.0
cJSON,6d9f2443ab071f86e5d9b43025a40929ec41c46c,all,955,file,test/expectdata/testsample_mock_param.c,ALL,77,0,77,77,1,0.0010471204188481676,0.0806282722513089,
cJSON,6d9f2443ab071f86e5d9b43025a40929ec41c46c,all,955,file,test/expectdata/testsample_mock_param.c,Max Bruckner <max@maxbruckner.de>,77,0,77,77,1,,,1.0
cJSON,6d9f2443ab071f86e5d9b43025a40929ec41c46c,all,955,file,test/expectdata/testsample_mock_run1.c,ALL,89,0,89,89,1,0.0010471204188481676,0.09319371727748692,
cJSON,6d9f2443ab071f86e5d9b43025a40929ec41c46c,all,955,file,test/expectdata/testsample_mock_run1.c,Max Bruckner <max@maxbruckner.de>,89,0,89,89,1,,,1.0
cJSON,6d9f2443ab071f86e5d9b43025a40929ec41c46c,all,955,file,test/expectdata/testsample_mock_run2.c,ALL,89,0,89,89,1,0.0010471204188481676,0.09319371727748692,
cJSON,6d9f2443ab071f86e5d9b43025a40929ec41c46c,all,955,file,test/expectdata/testsample_mock_run2.c,Max Bruckner <max@maxbruckner.de>,89,0,89,89,1,,,1.0
cJSON,6d9f2443ab071f86e5d9b43025a40929ec41c46c,all,955,file,test/expectdata/testsample_mock_yaml.c,ALL,90,0,90,90,1,0.0010471204188481676,0.0942408376963351,
cJSON,6d9f2443ab071f86e5d9b43025a40929ec41c46c,all,955,file,test/expectdata/testsample_mock_yaml.c,Max Bruckner <max@maxbruckner.de>,90,0,90,90,1,,,1.0
cJSON,6d9f2443ab071f86e5d9b43025a40929ec41c46c,all,955,file,test/expectdata/testsample_new1.c,ALL,67,0,67,67,1,0.0010471204188481676,0.07015706806282723,
cJSON,6d9f2443ab071f86e5d9b43025a40929ec41c46c,all,955,file,test/expectdata/testsample_new1.c,Max Bruckner <max@maxbruckner.de>,67,0,67,67,1,,,1.0
cJSON,6d9f2443ab071f86e5d9b43025a40929ec41c46c,all,955,file,test/expectdata/testsample_new2.c,ALL,70,0,70,70,1,0.0010471204188481676,0.07329842931937174,
cJSON,6d9f2443ab071f86e5d9b43025a40929ec41c46c,all,955,file,test/expectdata/testsample_new2.c,Max Bruckner <max@maxbruckner.de>,70,0,70,70,1,,,1.0
cJSON,6d9f2443ab071f86e5d9b43025a40929ec41c46c,all,955,file,test/expectdata/testsample_param.c,ALL,58,0,58,58,1,0.0010471204188481676,0.06073298429319372,
cJSON,6d9f2443ab071f86e5d9b43025a40929ec41c46c,all,955,file,test/expectdata/testsample_param.c,Max Bruckner <max@maxbruckner.de>,58,0,58,58,1,,,1.0
cJSON,6d9f2443ab071f86e5d9b43025a40929ec41c46c,all,955,file,test/expectdata/testsample_run1.c,ALL,67,0,67,67,1,0.0010471204188481676,0.07015706806282723,
cJSON,6d9f2443ab071f86e5d9b43025a40929ec41c46c,all,955,file,test/expectdata/testsample_run1.c,Max Bruckner <max@maxbruckner.de>,67,0,67,67,1,,,1.0
cJSON,6d9f2443ab071f86e5d9b43025a40929ec41c46c,all,955,file,test/expectdata/testsample_run2.c,ALL,70,0,70,70,1,0.0010471204188481676,0.07329842931937174,
cJSON,6d9f2443ab071f86e5d9b43025a40929ec41c46c,all,955,file,test/expectdata/testsample_run2.c,Max Bruckner <max@maxbruckner.de>,70,0,70,70,1,,,1.0
cJSON,6d9f2443ab071f86e5d9b43025a40929ec41c46c,all,955,file,test/expectdata/testsample_yaml.c,ALL,71,0,71,71,1,0.0010471204188481676,0.0743455497382199,
cJSON,6d9f2443ab071f86e5d9b43025a40929ec41c46c,all,955,file,test/expectdata/testsample_yaml.c,Max Bruckner <max@maxbruckner.de>,71,0,71,71,1,,,1.0
cJSON,6d9f2443ab071f86e5d9b43025a40929ec41c46c,all,955,file,test/rakefile,ALL,127,2,125,129,2,0.0020942408376963353,0.13507853403141362,
cJSON,6d9f2443ab071f86e5d9b43025a40929ec41c46c,all,955,file,test/rakefile,Max Bruckner <max@maxbruckner.de>,127,2,125,129,2,,,1.0
cJSON,6d9f2443ab071f86e5d9b43025a40929ec41c46c,all,955,file,test/rakefile_helper.rb,ALL,366,106,260,472,3,0.003141361256544503,0.49424083769633514,
cJSON,6d9f2443ab071f86e5d9b43025a40929ec41c46c,all,955,file,test/rakefile_helper.rb,Max Bruckner <max@maxbruckner.de>,366,106,260,472,3,,,1.0
cJSON,6d9f2443ab071f86e5d9b43025a40929ec41c46c,all,955,file,test/spec/generate_module_existing_file_spec.rb,ALL,158,0,158,158,1,0.0010471204188481676,0.1654450261780105,
cJSON,6d9f2443ab071f86e5d9b43025a40929ec41c46c,all,955,file,test/spec/generate_module_existing_file_spec.rb,Max Bruckner <max@maxbruckner.de>,158,0,158,158,1,,,1.0
cJSON,6d9f2443ab071f86e5d9b43025a40929ec41c46c,all,955,file,test/targets/clang_file.yml,ALL,78,0,78,78,1,0.0010471204188481676,0.08167539267015708,
cJSON,6d9f2443ab071f86e5d9b43025a40929ec41c46c,all,955,file,test/targets/clang_file.yml,Max Bruckner <max@maxbruckner.de>,78,0,78,78,1,,,1.0
cJSON,6d9f2443ab071f86e5d9b43025a40929ec41c46c,all,955,file,test/targets/clang_strict.yml,ALL,81,3,78,84,2,0.0020942408376963353,0.08795811518324609,
cJSON,6d9f2443ab071f86e5d9b43025a40929ec41c46c,all,955,file,test/targets/clang_strict.yml,Max Bruckner <max@maxbruckner.de>,81,3,78,84,2,,,1.0
cJSON,6d9f2443ab071f86e5d9b43025a40929ec41c46c,all,955,file,test/targets/gcc_32.yml,ALL,49,0,49,49,1,0.0010471204188481676,0.051308900523560214,
cJSON,6d9f2443ab071f86e5d9b43025a40929ec41c46c,all,955,file,test/targets/gcc_32.yml,Max Bruckner <max@maxbruckner.de>,49,0,49,49,1,,,1.0
cJSON,6d9f2443ab071f86e5d9b43025a40929ec41c46c,all,955,file,test/targets/gcc_64.yml,ALL,50,0,50,50,1,0.0010471204188481676,0.052356020942408384,
cJSON,6d9f2443ab071f86e5d9b43025a40929ec41c46c,all,955,file,test/targets/gcc_64.yml,Max Bruckner <max@maxbruckner.de>,50,0,50,50,1,,,1.0
cJSON,6d9f2443ab071f86e5d9b43025a40929ec41c46c,all,955,file,test/targets/gcc_auto_limits.yml,ALL,47,0,47,47,1,0.0010471204188481676,0.04921465968586388,
cJSON,6d9f2443ab071f86e5d9b43025a40929ec41c46c,all,955,file,test/targets/gcc_auto_limits.yml,Max Bruckner <max@maxbruckner.de>,47,0,47,47,1,,,1.0
cJSON,6d9f2443ab071f86e5d9b43025a40929ec41c46c,all,955,file,test/targets/gcc_auto_stdint.yml,ALL,59,0,59,59,1,0.0010471204188481676,0.06178010471204189,
cJSON,6d9f2443ab071f86e5d9b43025a40929ec41c46c,all,955,file,test/targets/gcc_auto_stdint.yml,Max Bruckner <max@maxbruckner.de>,59,0,59,59,1,,,1.0
cJSON,6d9f2443ab071f86e5d9b43025a40929ec41c46c,all,955,file,test/targets/gcc_manual_math.yml,ALL,47,0,47,47,1,0.0010471204188481676,0.04921465968586388,
cJSON,6d9f2443ab071f86e5d9b43025a40929ec41c46c,all,955,file,test/targets/gcc_manual_math.yml,Max Bruckner <max@maxbruckner.de>,47,0,47,47,1,,,1.0
cJSON,6d9f2443ab071f86e5d9b43025a40929ec41c46c,all,955,file,test/targets/hitech_picc18.yml,ALL,101,0,101,101,1,0.0010471204188481676,0.10575916230366493,
cJSON,6d9f2443ab071f86e5d9b43025a40929ec41c46c,all,955,file,test/targets/hitech_picc18.yml,Max Bruckner <max@maxbruckner.de>,101,0,101,101,1,,,1.0
cJSON,6d9f2443ab071f86e5d9b43025a40929ec41c46c,all,955,file,test/targets/iar_arm_v4.yml,ALL,90,0,90,90,1,0.0010471204188481676,0.0942408376963351,
cJSON,6d9f2443ab071f86e5d9b43025a40929ec41c46c,all,955,file,test/targets/iar_arm_v4.yml,Max Bruckner <max@maxbruckner.de>,90,0,90,90,1,,,1.0
cJSON,6d9f2443ab071f86e5d9b43025a40929ec41c46c,all,955,file,test/targets/iar_arm_v5.yml,ALL,80,0,80,80,1,0.0010471204188481676,0.08376963350785341,
cJSON,6d9f2443ab071f86e5d9b43025a40929ec41c46c,all,955,file,test/targets/iar_arm_v5.yml,Max Bruckner <max@maxbruckner.de>,80,0,80,80,1,,,1.0
cJSON,6d9f2443ab071f86e5d9b43025a40929ec41c46c,all,955,file,test/targets/iar_arm_v5_3.yml,ALL,80,0,80,80,1,0.0010471204188481676,0.08376963350785341,
cJSON,6d9f2443ab071f86e5d9b43025a40929ec41c46c,all,955,file,test/targets/iar_arm_v5_3.yml,Max Bruckner <max@maxbruckner.de>,80,0,80,80,1,,,1.0
cJSON,6d9f2443ab071f86e5d9b43025a40929ec41c46c,all,955,file,test/targets/iar_armcortex_LM3S9B92_v5_4.yml,ALL,94,0,94,94,1,0.0010471204188481676,0.09842931937172776,
cJSON,6d9f2443ab071f86e5d9b43025a40929ec41c46c,all,955,file,test/targets/iar_armcortex_LM3S9B92_v5_4.yml,Max Bruckner <max@maxbruckner.de>,94,0,94,94,1,,,1.0
cJSON,6d9f2443ab071f86e5d9b43025a40929ec41c46c,all,955,file,test/targets/iar_cortexm3_v5.yml,ALL,84,0,84,84,1,0.0010471204188481676,0.08795811518324609,
cJSON,6d9f2443ab071f86e5d9b43025a40929ec41c46c,all,955,file,test/targets/iar_cortexm3_v5.yml,Max Bruckner <max@maxbruckner.de>,84,0,84,84,1,,,1.0
cJSON,6d9f2443ab071f86e5d9b43025a40929ec41c46c,all,955,file,test/targets/iar_msp430.yml,ALL,95,0,95,95,1,0.0010471204188481676,0.09947643979057592,
cJSON,6d9f2443ab071f86e5d9b43025a40929ec41c46c,all,955,file,test/targets/iar_msp430.yml,Max Bruckner <max@maxbruckner.de>,95,0,95,95,1,,,1.0
cJSON,6d9f2443ab071f86e5d9b43025a40929ec41c46c,all,955,file,test/targets/iar_sh2a_v6.yml,ALL,86,0,86,86,1,0.0010471204188481676,0.09005235602094241,
cJSON,6d9f2443ab071f86e5d9b43025a40929ec41c46c,all,955,file,test/targets/iar_sh2a_v6.yml,Max Bruckner <max@maxbruckner.de>,86,0,86,86,1,,,1.0
cJSON,6d9f2443ab071f86e5d9b43025a40929ec41c46c,all,955,file,test/testdata/CException.h,ALL,11,0,11,11,1,0.0010471204188481676,0.011518324607329844,
cJSON,6d9f2443ab071f86e5d9b43025a40929ec41c46c,all,955,file,test/testdata/CException.h,Max Bruckner <max@maxbruckner.de>,11,0,11,11,1,,,1.0
cJSON,6d9f2443ab071f86e5d9b43025a40929ec41c46c,all,955,file,test/testdata/Defs.h,ALL,8,0,8,8,1,0.0010471204188481676,0.008376963350785341,
cJSON,6d9f2443ab071f86e5d9b43025a40929ec41c46c,all,955,file,test/testdata/Defs.h,Max Bruckner <max@maxbruckner.de>,8,0,8,8,1,,,1.0
cJSON,6d9f2443ab071f86e5d9b43025a40929ec41c46c,all,955,file,test/testdata/cmock.h,ALL,14,0,14,14,1,0.0010471204188481676,0.014659685863874347,
cJSON,6d9f2443ab071f86e5d9b43025a40929ec41c46c,all,955,file,test/testdata/cmock.h,Max Bruckner <max@maxbruckner.de>,14,0,14,14,1,,,1.0
cJSON,6d9f2443ab071f86e5d9b43025a40929ec41c46c,all,955,file,test/testdata/mockMock.h,ALL,13,0,13,13,1,0.0010471204188481676,0.01361256544502618,
cJSON,6d9f2443ab071f86e5d9b43025a40929ec41c46c,all,955,file,test/testdata/mockMock.h,Max Bruckner <max@maxbruckner.de>,13,0,13,13,1,,,1.0
cJSON,6d9f2443ab071f86e5d9b43025a40929ec41c46c,all,955,file,test/testdata/testRunnerGenerator.c,ALL,183,0,183,183,1,0.0010471204188481676,0.19162303664921468,
cJSON,6d9f2443ab071f86e5d9b43025a40929ec41c46c,all,955,file,test/testdata/testRunnerGenerator.c,Max Bruckner <max@maxbruckner.de>,183,0,183,183,1,,,1.0
cJSON,6d9f2443ab071f86e5d9b43025a40929ec41c46c,all,955,file,test/testdata/testRunnerGeneratorSmall.c,ALL,67,0,67,67,2,0.0020942408376963353,0.07015706806282723,
cJSON,6d9f2443ab071f86e5d9b43025a40929ec41c46c,all,955,file,test/testdata/testRunnerGeneratorSmall.c,Max Bruckner <max@maxbruckner.de>,67,0,67,67,2,,,1.0
cJSON,6d9f2443ab071f86e5d9b43025a40929ec41c46c,all,955,file,test/testdata/testRunnerGeneratorWithMocks.c,ALL,192,0,192,192,1,0.0010471204188481676,0.2010471204188482,
cJSON,6d9f2443ab071f86e5d9b43025a40929ec41c46c,all,955,file,test/testdata/testRunnerGeneratorWithMocks.c,Max Bruckner <max@maxbruckner.de>,192,0,192,192,1,,,1.0
cJSON,6d9f2443ab071f86e5d9b43025a40929ec41c46c,all,955,file,test/tests/test_generate_test_runner.rb,ALL,1257,5,1252,1262,2,0.0020942408376963353,1.3214659685863877,
cJSON,6d9f2443ab071f86e5d9b43025a40929ec41c46c,all,955,file,test/tests/test_generate_test_runner.rb,Max Bruckner <max@maxbruckner.de>,1257,5,1252,1262,2,,,1.0
cJSON,6d9f2443ab071f86e5d9b43025a40929ec41c46c,all,955,file,test/tests/testparameterized.c,ALL,110,0,110,110,1,0.0010471204188481676,0.11518324607329844,
cJSON,6d9f2443ab071f86e5d9b43025a40929ec41c46c,all,955,file,test/tests/testparameterized.c,Max Bruckner <max@maxbruckner.de>,110,0,110,110,1,,,1.0
cJSON,6d9f2443ab071f86e5d9b43025a40929ec41c46c,all,955,file,test/tests/testunity.c,ALL,5505,168,5337,5673,3,0.003141361256544503,5.940314136125655,
cJSON,6d9f2443ab071f86e5d9b43025a40929ec41c46c,all,955,file,test/tests/testunity.c,Max Bruckner <max@maxbruckner.de>,5505,168,5337,5673,3,,,1.0
cJSON,6d9f2443ab071f86e5d9b43025a40929ec41c46c,all,955,file,test_utils.c,ALL,462,462,0,924,16,0.016753926701570682,0.9675392670157069,
cJSON,6d9f2443ab071f86e5d9b43025a40929ec41c46c,all,955,file,test_utils.c,Max Bruckner <max@maxbruckner.de>,246,404,-158,650,8,,,0.7034632034632035
cJSON,6d9f2443ab071f86e5d9b43025a40929ec41c46c,all,955,file,test_utils.c,Dave Gamble <davegamble@gmail.com>,205,47,158,252,7,,,0.2727272727272727
cJSON,6d9f2443ab071f86e5d9b43025a40929ec41c46c,all,955,file,test_utils.c,Stephan Gatzka <stephan.gatzka@gmail.com>,11,11,0,22,1,,,0.023809523809523808
cJSON,6d9f2443ab071f86e5d9b43025a40929ec41c46c,all,955,file,tests.json,ALL,469,5,464,474,5,0.005235602094240838,0.49633507853403147,
cJSON,6d9f2443ab071f86e5d9b43025a40929ec41c46c,all,955,file,tests.json,Max Bruckner <max@maxbruckner.de>,469,5,464,474,5,,,1.0
cJSON,6d9f2443ab071f86e5d9b43025a40929ec41c46c,all,955,file,tests/CMakeLists.txt,ALL,147,27,120,174,41,0.042931937172774874,0.18219895287958118,
cJSON,6d9f2443ab071f86e5d9b43025a40929ec41c46c,all,955,file,tests/CMakeLists.txt,Max Bruckner <max@maxbruckner.de>,137,23,114,160,36,,,0.9195402298850575
cJSON,6d9f2443ab071f86e5d9b43025a40929ec41c46c,all,955,file,tests/CMakeLists.txt,Zach Hindes <zach@dowhatnow.net>,4,1,3,5,1,,,0.028735632183908046
cJSON,6d9f2443ab071f86e5d9b43025a40929ec41c46c,all,955,file,tests/CMakeLists.txt,Fabrice Fontaine <fontaine.fabrice@gmail.com>,2,2,0,4,1,,,0.022988505747126436
cJSON,6d9f2443ab071f86e5d9b43025a40929ec41c46c,all,955,file,tests/CMakeLists.txt,Winterreise <tanwei0404@163.com>,3,0,3,3,1,,,0.017241379310344827
cJSON,6d9f2443ab071f86e5d9b43025a40929ec41c46c,all,955,file,tests/CMakeLists.txt,Alanscut <wp_scut@163.com>,1,1,0,2,2,,,0.011494252873563218
cJSON,6d9f2443ab071f86e5d9b43025a40929ec41c46c,all,955,file,tests/cjson_add.c,ALL,475,4,471,479,7,0.007329842931937174,0.5015706806282723,
cJSON,6d9f2443ab071f86e5d9b43025a40929ec41c46c,all,955,file,tests/cjson_add.c,Max Bruckner <max@maxbruckner.de>,416,0,416,416,3,,,0.8684759916492694
cJSON,6d9f2443ab071f86e5d9b43025a40929ec41c46c,all,955,file,tests/cjson_add.c,mongobaba <66656234+mongobaba@users.noreply.github.com>,49,0,49,49,1,,,0.1022964509394572
cJSON,6d9f2443ab071f86e5d9b43025a40929ec41c46c,all,955,file,tests/cjson_add.c,Zach Hindes <zach@dowhatnow.net>,9,3,6,12,2,,,0.025052192066805846
cJSON,6d9f2443ab071f86e5d9b43025a40929ec41c46c,all,955,file,tests/cjson_add.c,Shaun Case <shaunc@aja.com>,1,1,0,2,1,,,0.0041753653444676405
cJSON,6d9f2443ab071f86e5d9b43025a40929ec41c46c,all,955,file,tests/common.c,ALL,102,102,0,204,5,0.005235602094240838,0.2136125654450262,
cJSON,6d9f2443ab071f86e5d9b43025a40929ec41c46c,all,955,file,tests/common.c,Max Bruckner <max@maxbruckner.de>,102,102,0,204,5,,,1.0
cJSON,6d9f2443ab071f86e5d9b43025a40929ec41c46c,all,955,file,tests/common.h,ALL,127,5,122,132,6,0.006282722513089006,0.13821989528795814,
cJSON,6d9f2443ab071f86e5d9b43025a40929ec41c46c,all,955,file,tests/common.h,Max Bruckner <max@maxbruckner.de>,127,5,122,132,6,,,1.0
cJSON,6d9f2443ab071f86e5d9b43025a40929ec41c46c,all,955,file,tests/compare_tests.c,ALL,209,1,208,210,5,0.005235602094240838,0.2198952879581152,
cJSON,6d9f2443ab071f86e5d9b43025a40929ec41c46c,all,955,file,tests/compare_tests.c,Max Bruckner <max@maxbruckner.de>,205,0,205,205,3,,,0.9761904761904762
cJSON,6d9f2443ab071f86e5d9b43025a40929ec41c46c,all,955,file,tests/compare_tests.c,Alanscut <wp_scut@163.com>,3,0,3,3,1,,,0.014285714285714285
cJSON,6d9f2443ab071f86e5d9b43025a40929ec41c46c,all,955,file,tests/compare_tests.c,Zach Hindes <zach@dowhatnow.net>,1,1,0,2,1,,,0.009523809523809525
cJSON,6d9f2443ab071f86e5d9b43025a40929ec41c46c,all,955,file,tests/inputs/test1,ALL,0,0,0,0,0,0.0,0.0,
cJSON,6d9f2443ab071f86e5d9b43025a40929ec41c46c,all,955,file,tests/inputs/test1.expected,ALL,22,0,22,22,1,0.0010471204188481676,0.02303664921465969,
cJSON,6d9f2443ab071f86e5d9b43025a40929ec41c46c,all,955,file,tests/inputs/test1.expected,Max Bruckner <max@maxbruckner.de>,22,0,22,22,1,,,1.0
cJSON,6d9f2443ab071f86e5d9b43025a40929ec41c46c,all,955,file,tests/inputs/test10,ALL,1,0,1,1,1,0.0010471204188481676,0.0010471204188481676,
cJSON,6d9f2443ab071f86e5d9b43025a40929ec41c46c,all,955,file,tests/inputs/test10,Max Bruckner <max@maxbruckner.de>,1,0,1,1,1,,,1.0
cJSON,6d9f2443ab071f86e5d9b43025a40929ec41c46c,all,955,file,tests/inputs/test10.expected,ALL,1,0,1,1,1,0.0010471204188481676,0.0010471204188481676,
cJSON,6d9f2443ab071f86e5d9b43025a40929ec41c46c,all,955,file,tests/inputs/test10.expected,Max Bruckner <max@maxbruckner.de>,1,0,1,1,1,,,1.0
cJSON,6d9f2443ab071f86e5d9b43025a40929ec41c46c,all,955,file,tests/inputs/test11,ALL,12,4,8,16,2,0.0020942408376963353,0.016753926701570682,
cJSON,6d9f2443ab071f86e5d9b43025a40929ec41c46c,all,955,file,tests/inputs/test11,Max Bruckner <max@maxbruckner.de>,8,0,8,8,1,,,0.5
cJSON,6d9f2443ab071f86e5d9b43025a40929ec41c46c,all,955,file,tests/inputs/test11,yangfl <yangfl@users.noreply.github.com>,4,4,0,8,1,,,0.5
cJSON,6d9f2443ab071f86e5d9b43025a40929ec41c46c,all,955,file,tests/inputs/test11.expected,ALL,10,0,10,10,1,0.0010471204188481676,0.010471204188481676,
cJSON,6d9f2443ab071f86e5d9b43025a40929ec41c46c,all,955,file,tests/inputs/test11.expected,Max Bruckner <max@maxbruckner.de>,10,0,10,10,1,,,1.0
cJSON,6d9f2443ab071f86e5d9b43025a40929ec41c46c,all,955,file,tests/inputs/test2,ALL,0,0,0,0,0,0.0,0.0,
cJSON,6d9f2443ab071f86e5d9b43025a40929ec41c46c,all,955,file,tests/inputs/test2.expected,ALL,18,0,18,18,1,0.0010471204188481676,0.01884816753926702,
cJSON,6d9f2443ab071f86e5d9b43025a40929ec41c46c,all,955,file,tests/inputs/test2.expected,Max Bruckner <max@maxbruckner.de>,18,0,18,18,1,,,1.0
cJSON,6d9f2443ab071f86e5d9b43025a40929ec41c46c,all,955,file,tests/inputs/test3,ALL,2,2,0,4,1,0.0010471204188481676,0.004188481675392671,
cJSON,6d9f2443ab071f86e5d9b43025a40929ec41c46c,all,955,file,tests/inputs/test3,yangfl <yangfl@users.noreply.github.com>,2,2,0,4,1,,,1.0
cJSON,6d9f2443ab071f86e5d9b43025a40929ec41c46c,all,955,file,tests/inputs/test3.expected,ALL,28,0,28,28,1,0.0010471204188481676,0.029319371727748695,
cJSON,6d9f2443ab071f86e5d9b43025a40929ec41c46c,all,955,file,tests/inputs/test3.expected,Max Bruckner <max@maxbruckner.de>,28,0,28,28,1,,,1.0
cJSON,6d9f2443ab071f86e5d9b43025a40929ec41c46c,all,955,file,tests/inputs/test4,ALL,3,3,0,6,1,0.0010471204188481676,0.006282722513089006,
cJSON,6d9f2443ab071f86e5d9b43025a40929ec41c46c,all,955,file,tests/inputs/test4,yangfl <yangfl@users.noreply.github.com>,3,3,0,6,1,,,1.0
cJSON,6d9f2443ab071f86e5d9b43025a40929ec41c46c,all,955,file,tests/inputs/test4.expected,ALL,94,0,94,94,1,0.0010471204188481676,0.09842931937172776,
cJSON,6d9f2443ab071f86e5d9b43025a40929ec41c46c,all,955,file,tests/inputs/test4.expected,Max Bruckner <max@maxbruckner.de>,94,0,94,94,1,,,1.0
cJSON,6d9f2443ab071f86e5d9b43025a40929ec41c46c,all,955,file,tests/inputs/test5,ALL,0,0,0,0,0,0.0,0.0,
cJSON,6d9f2443ab071f86e5d9b43025a40929ec41c46c,all,955,file,tests/inputs/test5.expected,ALL,54,0,54,54,1,0.0010471204188481676,0.05654450261780105,
cJSON,6d9f2443ab071f86e5d9b43025a40929ec41c46c,all,955,file,tests/inputs/test5.expected,Max Bruckner <max@maxbruckner.de>,54,0,54,54,1,,,1.0
cJSON,6d9f2443ab071f86e5d9b43025a40929ec41c46c,all,955,file,tests/inputs/test6,ALL,0,0,0,0,0,0.0,0.0,
cJSON,6d9f2443ab071f86e5d9b43025a40929ec41c46c,all,955,file,tests/inputs/test7,ALL,22,0,22,22,1,0.0010471204188481676,0.02303664921465969,
cJSON,6d9f2443ab071f86e5d9b43025a40929ec41c46c,all,955,file,tests/inputs/test7,Max Bruckner <max@maxbruckner.de>,22,0,22,22,1,,,1.0
cJSON,6d9f2443ab071f86e5d9b43025a40929ec41c46c,all,955,file,tests/inputs/test7.expected,ALL,22,3,19,25,2,0.0020942408376963353,0.026178010471204192,
cJSON,6d9f2443ab071f86e5d9b43025a40929ec41c46c,all,955,file,tests/inputs/test7.expected,Max Bruckner <max@maxbruckner.de>,22,3,19,25,2,,,1.0
cJSON,6d9f2443ab071f86e5d9b43025a40929ec41c46c,all,955,file,tests/inputs/test8,ALL,13,0,13,13,1,0.0010471204188481676,0.01361256544502618,
cJSON,6d9f2443ab071f86e5d9b43025a40929ec41c46c,all,955,file,tests/inputs/test8,Max Bruckner <max@maxbruckner.de>,13,0,13,13,1,,,1.0
cJSON,6d9f2443ab071f86e5d9b43025a40929ec41c46c,all,955,file,tests/inputs/test8.expected,ALL,13,0,13,13,1,0.0010471204188481676,0.01361256544502618,
cJSON,6d9f2443ab071f86e5d9b43025a40929ec41c46c,all,955,file,tests/inputs/test8.expected,Max Bruckner <max@maxbruckner.de>,13,0,13,13,1,,,1.0
cJSON,6d9f2443ab071f86e5d9b43025a40929ec41c46c,all,955,file,tests/inputs/test9,ALL,5,0,5,5,1,0.0010471204188481676,0.005235602094240838,
cJSON,6d9f2443ab071f86e5d9b43025a40929ec41c46c,all,955,file,tests/inputs/test9,Max Bruckner <max@maxbruckner.de>,5,0,5,5,1,,,1.0
cJSON,6d9f2443ab071f86e5d9b43025a40929ec41c46c,all,955,file,tests/inputs/test9.expected,ALL,1,0,1,1,1,0.0010471204188481676,0.0010471204188481676,
cJSON,6d9f2443ab071f86e5d9b43025a40929ec41c46c,all,955,file,tests/inputs/test9.expected,Max Bruckner <max@maxbruckner.de>,1,0,1,1,1,,,1.0
cJSON,6d9f2443ab071f86e5d9b43025a40929ec41c46c,all,955,file,tests/json-patch-tests/cjson-utils-tests.json,ALL,92,1,91,93,2,0.0020942408376963353,0.0973821989528796,
cJSON,6d9f2443ab071f86e5d9b43025a40929ec41c46c,all,955,file,tests/json-patch-tests/cjson-utils-tests.json,Max Bruckner <max@maxbruckner.de>,84,0,84,84,1,,,0.9032258064516129
cJSON,6d9f2443ab071f86e5d9b43025a40929ec41c46c,all,955,file,tests/json-patch-tests/cjson-utils-tests.json,Bob Kocisko <rkocisko@gmail.com>,8,1,7,9,1,,,0.0967741935483871
cJSON,6d9f2443ab071f86e5d9b43025a40929ec41c46c,all,955,file,tests/json_patch_tests.c,ALL,258,15,243,273,6,0.006282722513089006,0.2858638743455498,
cJSON,6d9f2443ab071f86e5d9b43025a40929ec41c46c,all,955,file,tests/json_patch_tests.c,Max Bruckner <max@maxbruckner.de>,257,14,243,271,5,,,0.9926739926739927
cJSON,6d9f2443ab071f86e5d9b43025a40929ec41c46c,all,955,file,tests/json_patch_tests.c,Dimitri Papadopoulos Orfanos <3234522+DimitriPapadopoulos@users.noreply.github.com>,1,1,0,2,1,,,0.007326007326007326
cJSON,6d9f2443ab071f86e5d9b43025a40929ec41c46c,all,955,file,tests/minify_tests.c,ALL,174,0,174,174,2,0.0020942408376963353,0.18219895287958118,
cJSON,6d9f2443ab071f86e5d9b43025a40929ec41c46c,all,955,file,tests/minify_tests.c,Max Bruckner <max@maxbruckner.de>,174,0,174,174,2,,,1.0
cJSON,6d9f2443ab071f86e5d9b43025a40929ec41c46c,all,955,file,tests/misc_tests.c,ALL,923,86,837,1009,38,0.03979057591623037,1.056544502617801,
cJSON,6d9f2443ab071f86e5d9b43025a40929ec41c46c,all,955,file,tests/misc_tests.c,Max Bruckner <max@maxbruckner.de>,579,1,578,580,16,,,0.574826560951437
cJSON,6d9f2443ab071f86e5d9b43025a40929ec41c46c,all,955,file,tests/misc_tests.c,Alanscut <wp_scut@163.com>,109,52,57,161,8,,,0.1595639246778989
cJSON,6d9f2443ab071f86e5d9b43025a40929ec41c46c,all,955,file,tests/misc_tests.c,Stoian Ivanov <st.iv.sdr@gmail.com>,78,17,61,95,1,,,0.09415262636273539
cJSON,6d9f2443ab071f86e5d9b43025a40929ec41c46c,all,955,file,tests/misc_tests.c,Nicolas Badoux <n.badoux@hotmail.com>,59,6,53,65,5,,,0.06442021803766106
cJSON,6d9f2443ab071f86e5d9b43025a40929ec41c46c,all,955,file,tests/misc_tests.c,Alan Wang <wp_scut@163.com>,39,4,35,43,1,,,0.04261645193260654
cJSON,6d9f2443ab071f86e5d9b43025a40929ec41c46c,all,955,file,tests/misc_tests.c,Lee <peterlee@apache.org>,21,0,21,21,1,,,0.02081268582755203
cJSON,6d9f2443ab071f86e5d9b43025a40929ec41c46c,all,955,file,tests/misc_tests.c,PeterAlfredLee <peteralfredlee@gmail.com>,17,0,17,17,1,,,0.01684836471754212
cJSON,6d9f2443ab071f86e5d9b43025a40929ec41c46c,all,955,file,tests/misc_tests.c,Sang-Heon Jeon <ekffu200098@gmail.com>,14,0,14,14,1,,,0.013875123885034688
cJSON,6d9f2443ab071f86e5d9b43025a40929ec41c46c,all,955,file,tests/misc_tests.c,Lee <peteralfredlee@gmail.com>,3,2,1,5,1,,,0.004955401387512388
cJSON,6d9f2443ab071f86e5d9b43025a40929ec41c46c,all,955,file,tests/misc_tests.c,Zach Hindes <zach@dowhatnow.net>,2,2,0,4,1,,,0.003964321110009911
cJSON,6d9f2443ab071f86e5d9b43025a40929ec41c46c,all,955,file,tests/misc_tests.c,Alan Wang <948467222@qq.com>,1,1,0,2,1,,,0.0019821605550049554
cJSON,6d9f2443ab071f86e5d9b43025a40929ec41c46c,all,955,file,tests/misc_tests.c,xiaomianhehe <hongshaokai@hotmail.com>,1,1,0,2,1,,,0.0019821605550049554
cJSON,6d9f2443ab071f86e5d9b43025a40929ec41c46c,all,955,file,tests/misc_utils_tests.c,ALL,80,0,80,80,1,0.0010471204188481676,0.08376963350785341,
cJSON,6d9f2443ab071f86e5d9b43025a40929ec41c46c,all,955,file,tests/misc_utils_tests.c,Max Bruckner <max@maxbruckner.de>,80,0,80,80,1,,,1.0
cJSON,6d9f2443ab071f86e5d9b43025a40929ec41c46c,all,955,file,tests/old_utils_tests.c,ALL,260,1,259,261,4,0.004188481675392671,0.27329842931937176,
cJSON,6d9f2443ab071f86e5d9b43025a40929ec41c46c,all,955,file,tests/old_utils_tests.c,Max Bruckner <max@maxbruckner.de>,206,1,205,207,2,,,0.7931034482758621
cJSON,6d9f2443ab071f86e5d9b43025a40929ec41c46c,all,955,file,tests/old_utils_tests.c,lilu5458 <lilu@kylinos.cn>,34,0,34,34,1,,,0.13026819923371646
cJSON,6d9f2443ab071f86e5d9b43025a40929ec41c46c,all,955,file,tests/old_utils_tests.c,Alanscut <wp_scut@163.com>,20,0,20,20,1,,,0.07662835249042145
cJSON,6d9f2443ab071f86e5d9b43025a40929ec41c46c,all,955,file,tests/parse_array.c,ALL,228,61,167,289,13,0.01361256544502618,0.30261780104712044,
cJSON,6d9f2443ab071f86e5d9b43025a40929ec41c46c,all,955,file,tests/parse_array.c,Max Bruckner <max@maxbruckner.de>,225,59,166,284,11,,,0.9826989619377162
cJSON,6d9f2443ab071f86e5d9b43025a40929ec41c46c,all,955,file,tests/parse_array.c,Alanscut <wp_scut@163.com>,2,1,1,3,1,,,0.010380622837370242
cJSON,6d9f2443ab071f86e5d9b43025a40929ec41c46c,all,955,file,tests/parse_array.c,Zach Hindes <zach@dowhatnow.net>,1,1,0,2,1,,,0.006920415224913495
cJSON,6d9f2443ab071f86e5d9b43025a40929ec41c46c,all,955,file,tests/parse_examples.c,ALL,358,59,299,417,7,0.007329842931937174,0.4366492146596859,
cJSON,6d9f2443ab071f86e5d9b43025a40929ec41c46c,all,955,file,tests/parse_examples.c,Max Bruckner <max@maxbruckner.de>,254,57,197,311,3,,,0.7458033573141487
cJSON,6d9f2443ab071f86e5d9b43025a40929ec41c46c,all,955,file,tests/parse_examples.c,caglarivriz <caglarivriz@gmail.com>,57,0,57,57,1,,,0.1366906474820144
cJSON,6d9f2443ab071f86e5d9b43025a40929ec41c46c,all,955,file,tests/parse_examples.c,orri <orri@systemb.is>,28,0,28,28,1,,,0.0671462829736211
cJSON,6d9f2443ab071f86e5d9b43025a40929ec41c46c,all,955,file,tests/parse_examples.c,rmallins <rmallins@rmallins-AO1-131>,18,1,17,19,1,,,0.045563549160671464
cJSON,6d9f2443ab071f86e5d9b43025a40929ec41c46c,all,955,file,tests/parse_examples.c,Zach Hindes <zach@dowhatnow.net>,1,1,0,2,1,,,0.004796163069544364
cJSON,6d9f2443ab071f86e5d9b43025a40929ec41c46c,all,955,file,tests/parse_hex4.c,ALL,77,4,73,81,4,0.004188481675392671,0.08481675392670159,
cJSON,6d9f2443ab071f86e5d9b43025a40929ec41c46c,all,955,file,tests/parse_hex4.c,Max Bruckner <max@maxbruckner.de>,76,3,73,79,3,,,0.9753086419753086
cJSON,6d9f2443ab071f86e5d9b43025a40929ec41c46c,all,955,file,tests/parse_hex4.c,Zach Hindes <zach@dowhatnow.net>,1,1,0,2,1,,,0.024691358024691357
cJSON,6d9f2443ab071f86e5d9b43025a40929ec41c46c,all,955,file,tests/parse_number.c,ALL,145,15,130,160,9,0.00942408376963351,0.16753926701570682,
cJSON,6d9f2443ab071f86e5d9b43025a40929ec41c46c,all,955,file,tests/parse_number.c,Max Bruckner <max@maxbruckner.de>,124,14,110,138,7,,,0.8625
cJSON,6d9f2443ab071f86e5d9b43025a40929ec41c46c,all,955,file,tests/parse_number.c,PeterAlfredLee <peteralfredlee@gmail.com>,20,0,20,20,1,,,0.125
cJSON,6d9f2443ab071f86e5d9b43025a40929ec41c46c,all,955,file,tests/parse_number.c,Zach Hindes <zach@dowhatnow.net>,1,1,0,2,1,,,0.0125
cJSON,6d9f2443ab071f86e5d9b43025a40929ec41c46c,all,955,file,tests/parse_object.c,ALL,223,47,176,270,13,0.01361256544502618,0.28272251308900526,
cJSON,6d9f2443ab071f86e5d9b43025a40929ec41c46c,all,955,file,tests/parse_object.c,Max Bruckner <max@maxbruckner.de>,222,46,176,268,12,,,0.9925925925925926
cJSON,6d9f2443ab071f86e5d9b43025a40929ec41c46c,all,955,file,tests/parse_object.c,Zach Hindes <zach@dowhatnow.net>,1,1,0,2,1,,,0.007407407407407408
cJSON,6d9f2443ab071f86e5d9b43025a40929ec41c46c,all,955,file,tests/parse_string.c,ALL,172,37,135,209,11,0.011518324607329844,0.21884816753926703,
cJSON,6d9f2443ab071f86e5d9b43025a40929ec41c46c,all,955,file,tests/parse_string.c,Max Bruckner <max@maxbruckner.de>,171,36,135,207,10,,,0.9904306220095693
cJSON,6d9f2443ab071f86e5d9b43025a40929ec41c46c,all,955,file,tests/parse_string.c,Zach Hindes <zach@dowhatnow.net>,1,1,0,2,1,,,0.009569377990430622
cJSON,6d9f2443ab071f86e5d9b43025a40929ec41c46c,all,955,file,tests/parse_value.c,ALL,150,38,112,188,10,0.010471204188481676,0.19685863874345552,
cJSON,6d9f2443ab071f86e5d9b43025a40929ec41c46c,all,955,file,tests/parse_value.c,Max Bruckner <max@maxbruckner.de>,149,37,112,186,9,,,0.9893617021276596
cJSON,6d9f2443ab071f86e5d9b43025a40929ec41c46c,all,955,file,tests/parse_value.c,Zach Hindes <zach@dowhatnow.net>,1,1,0,2,1,,,0.010638297872340425
cJSON,6d9f2443ab071f86e5d9b43025a40929ec41c46c,all,955,file,tests/parse_with_opts.c,ALL,119,7,112,126,6,0.006282722513089006,0.13193717277486913,
cJSON,6d9f2443ab071f86e5d9b43025a40929ec41c46c,all,955,file,tests/parse_with_opts.c,Max Bruckner <max@maxbruckner.de>,99,0,99,99,3,,,0.7857142857142857
cJSON,6d9f2443ab071f86e5d9b43025a40929ec41c46c,all,955,file,tests/parse_with_opts.c,rmallins <rmallins@rmallins-AO1-131>,19,6,13,25,2,,,0.1984126984126984
cJSON,6d9f2443ab071f86e5d9b43025a40929ec41c46c,all,955,file,tests/parse_with_opts.c,Zach Hindes <zach@dowhatnow.net>,1,1,0,2,1,,,0.015873015873015872
cJSON,6d9f2443ab071f86e5d9b43025a40929ec41c46c,all,955,file,tests/print_array.c,ALL,126,26,100,152,11,0.011518324607329844,0.15916230366492148,
cJSON,6d9f2443ab071f86e5d9b43025a40929ec41c46c,all,955,file,tests/print_array.c,Max Bruckner <max@maxbruckner.de>,125,25,100,150,10,,,0.9868421052631579
cJSON,6d9f2443ab071f86e5d9b43025a40929ec41c46c,all,955,file,tests/print_array.c,Zach Hindes <zach@dowhatnow.net>,1,1,0,2,1,,,0.013157894736842105
cJSON,6d9f2443ab071f86e5d9b43025a40929ec41c46c,all,955,file,tests/print_number.c,ALL,172,47,125,219,15,0.015706806282722516,0.22931937172774872,
cJSON,6d9f2443ab071f86e5d9b43025a40929ec41c46c,all,955,file,tests/print_number.c,Max Bruckner <max@maxbruckner.de>,143,28,115,171,12,,,0.7808219178082192
cJSON,6d9f2443ab071f86e5d9b43025a40929ec41c46c,all,955,file,tests/print_number.c,Debora Grosse <dygrosse@gmail.com>,7,17,-10,24,1,,,0.1095890410958904
cJSON,6d9f2443ab071f86e5d9b43025a40929ec41c46c,all,955,file,tests/print_number.c,Alanscut <wp_scut@163.com>,21,1,20,22,1,,,0.1004566210045662
cJSON,6d9f2443ab071f86e5d9b43025a40929ec41c46c,all,955,file,tests/print_number.c,Zach Hindes <zach@dowhatnow.net>,1,1,0,2,1,,,0.0091324200913242
cJSON,6d9f2443ab071f86e5d9b43025a40929ec41c46c,all,955,file,tests/print_object.c,ALL,128,27,101,155,12,0.012565445026178013,0.16230366492146597,
cJSON,6d9f2443ab071f86e5d9b43025a40929ec41c46c,all,955,file,tests/print_object.c,Max Bruckner <max@maxbruckner.de>,126,25,101,151,10,,,0.9741935483870968
cJSON,6d9f2443ab071f86e5d9b43025a40929ec41c46c,all,955,file,tests/print_object.c,Shaun Case <shaunc@aja.com>,1,1,0,2,1,,,0.012903225806451613
cJSON,6d9f2443ab071f86e5d9b43025a40929ec41c46c,all,955,file,tests/print_object.c,Zach Hindes <zach@dowhatnow.net>,1,1,0,2,1,,,0.012903225806451613
cJSON,6d9f2443ab071f86e5d9b43025a40929ec41c46c,all,955,file,tests/print_string.c,ALL,85,7,78,92,8,0.008376963350785341,0.09633507853403142,
cJSON,6d9f2443ab071f86e5d9b43025a40929ec41c46c,all,955,file,tests/print_string.c,Max Bruckner <max@maxbruckner.de>,84,6,78,90,7,,,0.9782608695652174
cJSON,6d9f2443ab071f86e5d9b43025a40929ec41c46c,all,955,file,tests/print_string.c,Zach Hindes <zach@dowhatnow.net>,1,1,0,2,1,,,0.021739130434782608
cJSON,6d9f2443ab071f86e5d9b43025a40929ec41c46c,all,955,file,tests/print_value.c,ALL,126,19,107,145,12,0.012565445026178013,0.15183246073298431,
cJSON,6d9f2443ab071f86e5d9b43025a40929ec41c46c,all,955,file,tests/print_value.c,Max Bruckner <max@maxbruckner.de>,125,18,107,143,11,,,0.9862068965517241
cJSON,6d9f2443ab071f86e5d9b43025a40929ec41c46c,all,955,file,tests/print_value.c,Zach Hindes <zach@dowhatnow.net>,1,1,0,2,1,,,0.013793103448275862
cJSON,6d9f2443ab071f86e5d9b43025a40929ec41c46c,all,955,file,tests/readme_examples.c,ALL,261,3,258,264,4,0.004188481675392671,0.2764397905759163,
cJSON,6d9f2443ab071f86e5d9b43025a40929ec41c46c,all,955,file,tests/readme_examples.c,Max Bruckner <max@maxbruckner.de>,258,0,258,258,1,,,0.9772727272727273
cJSON,6d9f2443ab071f86e5d9b43025a40929ec41c46c,all,955,file,tests/readme_examples.c,Alanscut <wp_scut@163.com>,1,1,0,2,1,,,0.007575757575757576
cJSON,6d9f2443ab071f86e5d9b43025a40929ec41c46c,all,955,file,tests/readme_examples.c,Tim Gates <tim.gates@iress.com>,1,1,0,2,1,,,0.007575757575757576
cJSON,6d9f2443ab071f86e5d9b43025a40929ec41c46c,all,955,file,tests/readme_examples.c,Zach Hindes <zach@dowhatnow.net>,1,1,0,2,1,,,0.007575757575757576
cJSON,6d9f2443ab071f86e5d9b43025a40929ec41c46c,all,955,file,tests/test1,ALL,22,0,22,22,1,0.0010471204188481676,0.02303664921465969,
cJSON,6d9f2443ab071f86e5d9b43025a40929ec41c46c,all,955,file,tests/test1,Dave Gamble <davegamble@gmail.com>,22,0,22,22,1,,,1.0
cJSON,6d9f2443ab071f86e5d9b43025a40929ec41c46c,all,955,file,tests/test2,ALL,11,0,11,11,1,0.0010471204188481676,0.011518324607329844,
cJSON,6d9f2443ab071f86e5d9b43025a40929ec41c46c,all,955,file,tests/test2,Dave Gamble <davegamble@gmail.com>,11,0,11,11,1,,,1.0
cJSON,6d9f2443ab071f86e5d9b43025a40929ec41c46c,all,955,file,tests/test3,ALL,26,0,26,26,1,0.0010471204188481676,0.02722513089005236,
cJSON,6d9f2443ab071f86e5d9b43025a40929ec41c46c,all,955,file,tests/test3,Dave Gamble <davegamble@gmail.com>,26,0,26,26,1,,,1.0
cJSON,6d9f2443ab071f86e5d9b43025a40929ec41c46c,all,955,file,tests/test4,ALL,88,0,88,88,1,0.0010471204188481676,0.09214659685863875,
cJSON,6d9f2443ab071f86e5d9b43025a40929ec41c46c,all,955,file,tests/test4,Dave Gamble <davegamble@gmail.com>,88,0,88,88,1,,,1.0
cJSON,6d9f2443ab071f86e5d9b43025a40929ec41c46c,all,955,file,tests/test5,ALL,27,0,27,27,1,0.0010471204188481676,0.028272251308900525,
cJSON,6d9f2443ab071f86e5d9b43025a40929ec41c46c,all,955,file,tests/test5,Dave Gamble <davegamble@gmail.com>,27,0,27,27,1,,,1.0
cJSON,6d9f2443ab071f86e5d9b43025a40929ec41c46c,all,955,file,tests/test6,ALL,16,0,16,16,1,0.0010471204188481676,0.016753926701570682,
cJSON,6d9f2443ab071f86e5d9b43025a40929ec41c46c,all,955,file,tests/test6,Christian Schulze <christian.schulze@mni.thm.de>,16,0,16,16,1,,,1.0
cJSON,6d9f2443ab071f86e5d9b43025a40929ec41c46c,all,955,file,tests/unity/auto/parse_output.rb,ALL,1,1,0,2,1,0.0010471204188481676,0.0020942408376963353,
cJSON,6d9f2443ab071f86e5d9b43025a40929ec41c46c,all,955,file,tests/unity/auto/parse_output.rb,Shaun Case <shaunc@aja.com>,1,1,0,2,1,,,1.0
cJSON,6d9f2443ab071f86e5d9b43025a40929ec41c46c,all,955,file,tests/unity/docs/UnityGettingStartedGuide.md,ALL,1,1,0,2,1,0.0010471204188481676,0.0020942408376963353,
cJSON,6d9f2443ab071f86e5d9b43025a40929ec41c46c,all,955,file,tests/unity/docs/UnityGettingStartedGuide.md,Shaun Case <shaunc@aja.com>,1,1,0,2,1,,,1.0
cJSON,6d9f2443ab071f86e5d9b43025a40929ec41c46c,all,955,file,tests/unity/examples/unity_config.h,ALL,1,1,0,2,1,0.0010471204188481676,0.0020942408376963353,
cJSON,6d9f2443ab071f86e5d9b43025a40929ec41c46c,all,955,file,tests/unity/examples/unity_config.h,Max Bruckner <max@maxbruckner.de>,1,1,0,2,1,,,1.0
cJSON,6d9f2443ab071f86e5d9b43025a40929ec41c46c,all,955,file,tests/unity/extras/eclipse/error_parsers.txt,ALL,1,1,0,2,1,0.0010471204188481676,0.0020942408376963353,
cJSON,6d9f2443ab071f86e5d9b43025a40929ec41c46c,all,955,file,tests/unity/extras/eclipse/error_parsers.txt,Shaun Case <shaunc@aja.com>,1,1,0,2,1,,,1.0
cJSON,6d9f2443ab071f86e5d9b43025a40929ec41c46c,all,955,file,tests/unity/src/unity.c,ALL,9,9,0,18,4,0.004188481675392671,0.01884816753926702,
cJSON,6d9f2443ab071f86e5d9b43025a40929ec41c46c,all,955,file,tests/unity/src/unity.c,Alanscut <wp_scut@163.com>,6,6,0,12,1,,,0.6666666666666666
cJSON,6d9f2443ab071f86e5d9b43025a40929ec41c46c,all,955,file,tests/unity/src/unity.c,Max Bruckner <max@maxbruckner.de>,2,2,0,4,2,,,0.2222222222222222
cJSON,6d9f2443ab071f86e5d9b43025a40929ec41c46c,all,955,file,tests/unity/src/unity.c,Shaun Case <shaunc@aja.com>,1,1,0,2,1,,,0.1111111111111111
cJSON,6d9f2443ab071f86e5d9b43025a40929ec41c46c,all,955,file,tests/unity/src/unity_internals.h,ALL,1,3,-2,4,1,0.0010471204188481676,0.004188481675392671,
cJSON,6d9f2443ab071f86e5d9b43025a40929ec41c46c,all,955,file,tests/unity/src/unity_internals.h,Max Bruckner <max@maxbruckner.de>,1,3,-2,4,1,,,1.0
cJSON,6d9f2443ab071f86e5d9b43025a40929ec41c46c,all,955,file,tests/unity/test/rakefile,ALL,1,1,0,2,1,0.0010471204188481676,0.0020942408376963353,
cJSON,6d9f2443ab071f86e5d9b43025a40929ec41c46c,all,955,file,tests/unity/test/rakefile,Shaun Case <shaunc@aja.com>,1,1,0,2,1,,,1.0
cJSON,6d9f2443ab071f86e5d9b43025a40929ec41c46c,all,955,file,tests/unity_setup.c,ALL,4,1,3,5,2,0.0020942408376963353,0.005235602094240838,
cJSON,6d9f2443ab071f86e5d9b43025a40929ec41c46c,all,955,file,tests/unity_setup.c,Zach Hindes <zach@dowhatnow.net>,4,1,3,5,2,,,1.0
cJSON,6d9f2443ab071f86e5d9b43025a40929ec41c46c,all,955,file,valgrind.supp,ALL,6,0,6,6,1,0.0010471204188481676,0.006282722513089006,
cJSON,6d9f2443ab071f86e5d9b43025a40929ec41c46c,all,955,file,valgrind.supp,Max Bruckner <max@maxbruckner.de>,6,0,6,6,1,,,1.0
cJSON,6d9f2443ab071f86e5d9b43025a40929ec41c46c,all,955,file,valgrind.suppressions,ALL,11,0,11,11,1,0.0010471204188481676,0.011518324607329844,
cJSON,6d9f2443ab071f86e5d9b43025a40929ec41c46c,all,955,file,valgrind.suppressions,Max Bruckner <max@maxbruckner.de>,11,0,11,11,1,,,1.0
